title,stars,text,cleaned_text
Mayo Hospital,4,"Mayo Hospital is one of the oldest and largest public hospitals in Pakistan and serves thousands of patients every day. The biggest advantage is that many highly qualified doctors, specialists, and surgeons are available here. For people who cannot afford private hospitals, it provides access to treatment that might otherwise be out of reach. The hospital has several specialized departments and has helped countless patients over the years.

However, the hospital also faces serious challenges due to the huge number of patients it receives daily. Long waiting times, overcrowding, and administrative delays are common. Cleanliness and maintenance need improvement in some areas, and patients often have to spend considerable time moving between departments. Some visitors also report communication and management issues.

Overall, Mayo Hospital remains a vital healthcare institution with skilled medical professionals and life-saving services, but improvements in patient management, cleanliness, and infrastructure would make the experience much better for patients and their families.","mayo hospital is one of the oldest and largest public hospitals in pakistan and serves thousands of patients every day. the biggest advantage is that many highly qualified doctors, specialists, and surgeons are available here. for people who cannot afford private hospitals, it provides access to treatment that might otherwise be out of reach. the hospital has several specialized departments and has helped countless patients over the years. however, the hospital also faces serious challenges due to the huge number of patients it receives daily. long waiting times, overcrowding, and administrative delays are common. cleanliness and maintenance need improvement in some areas, and patients often have to spend considerable time moving between departments. some visitors also report communication and management issues. overall, mayo hospital remains a vital healthcare institution with skilled medical professionals and life-saving services, but improvements in patient management, cleanliness, and infrastructure would make the experience much better for patients and their families."
Mayo Hospital,1,"Very bad situation
Too rushy because of poor management around
No proper signs for the specific department you want to visit
A very small window for the patient to get a receipt
Just a sad picture of our government hospital’s
I don’t know how dr are okay with all this situation",very bad situation too rushy because of poor management around no proper signs for the specific department you want to visit a very small window for the patient to get a receipt just a sad picture of our government hospitals i dont know how dr are okay with all this situation
Mayo Hospital,5,"This hospital is very good and excellent services,care in this hospital I like it very much 👍👍","this hospital is very good and excellent services,care in this hospital i like it very much"
Mayo Hospital,5,Staff is very co operative in Mayo Hospital.,staff is very co operative in mayo hospital.
Mayo Hospital,1,"Bhottt he ghatya service Hy idhr.. please folks avoid this hospital
Emergency Mae seniors doctors he available nahe hotay..
Please save your patient",bhottt he ghatya service hy idhr.. please folks avoid this hospital emergency mae seniors doctors he available nahe hotay.. please save your patient
Mayo Hospital,2,"Terrible condition. The hospital is overcrowded with people all across the Punjab. 40 years of governance and still there is a severe lack of health facilities in major cities. It looks like a fish market more than a hospital. Doctors try their best to accommodate patients but they are not robots. This crowd can't be handled by any normal human being. It's a time to take a serious step to improve health facilities in Punjab by ""Sub Di Maa"" & ""Sub Da Piyo""","terrible condition. the hospital is overcrowded with people all across the punjab. 40 years of governance and still there is a severe lack of health facilities in major cities. it looks like a fish market more than a hospital. doctors try their best to accommodate patients but they are not robots. this crowd can't be handled by any normal human being. it's a time to take a serious step to improve health facilities in punjab by ""sub di maa"" ""sub da piyo"""
Mayo Hospital,5,Staff (Doctors ) is very cooperative but lower administration (sweepers) always pretend for monetary gains .,staff doctors is very cooperative but lower administration sweepers always pretend for monetary gains .
Mayo Hospital,1,No caring nurses and abuse language with public,no caring nurses and abuse language with public
Mayo Hospital,1,"Zero performance,I visit for rhinoplasty today And they give date of 2031🤨🤨🧐🧐","zero performance,i visit for rhinoplasty today and they give date of 2031"
Mayo Hospital,1,Dr is very Good and Staf is very bad,dr is very good and staf is very bad
Mayo Hospital,1,"Very very poor experiences in eye department.
The staff is really ugly behavior.
Really disappointed and now I start private treatment which cost me around 1 million but I reject the operation due to bad behavior. Assistant take patient like animals not man's or women's.",very very poor experiences in eye department. the staff is really ugly behavior. really disappointed and now i start private treatment which cost me around 1 million but i reject the operation due to bad behavior. assistant take patient like animals not man's or women's.
Government Teaching Hospital Shahdara,4,"Good service overall, recommended by me.","good service overall, recommended by me."
Government Teaching Hospital Shahdara,1,"I had a terrible experience at Government Teaching Hospital Shahdara. The nursing staff is extremely rude and unprofessional. Doctors delay deliveries, which caused serious health complications for my wife.The worst part is the constant demand for bribes. From checkups to the gate guards, everyone asks for money. Even after delivery, staff members harass you for 'kharcha pani' (tips/bribes). It is a hub of corruption where no one cares about the patient without money. I urge CM Maryam Nawaz and the Health Department to take strict action against this","i had a terrible experience at government teaching hospital shahdara. the nursing staff is extremely rude and unprofessional. doctors delay deliveries, which caused serious health complications for my wife.the worst part is the constant demand for bribes. from checkups to the gate guards, everyone asks for money. even after delivery, staff members harass you for 'kharcha pani' tipsbribes. it is a hub of corruption where no one cares about the patient without money. i urge cm maryam nawaz and the health department to take strict action against this"
Government Teaching Hospital Shahdara,1,"About today I want to tell you something...Hospital staff themselves were behaving very rudely...They treat their job and all patients in such way that people would never want to come back again...I think they need proper training in greetings & there is a need to hire educated staff instead of such people...
Today I went to Room No 4 for my father X-ray...
There person told me to come back after 1 hour...I asked why it would take so long...
He replied It takes this much time...If you want to get it done then do it otherwise you can leave
I did not feel bad about what he said because I understand the culture in Pakistan...
But I felt hurt when I told his senior about it & he responded by saying I work with him for 12 hours instead of you so whatever he is saying is correct & abuse me without any reason I'm shocked
All staff was unpredictable...I seems these uneducated people need to be made to understand patient comes to hospital out of compulsion... 👎👎🤐",about today i want to tell you something...hospital staff themselves were behaving very rudely...they treat their job and all patients in such way that people would never want to come back again...i think they need proper training in greetings there is a need to hire educated staff instead of such people... today i went to room no 4 for my father x-ray... there person told me to come back after 1 hour...i asked why it would take so long... he replied it takes this much time...if you want to get it done then do it otherwise you can leave i did not feel bad about what he said because i understand the culture in pakistan... but i felt hurt when i told his senior about it he responded by saying i work with him for 12 hours instead of you so whatever he is saying is correct abuse me without any reason i'm shocked all staff was unpredictable...i seems these uneducated people need to be made to understand patient comes to hospital out of compulsion...
Government Teaching Hospital Shahdara,4,"Most departments do their job well, on the other hand some of nurses and even doctor show rude behaviour, like if u ask them twice or having a complaint about the queue.","most departments do their job well, on the other hand some of nurses and even doctor show rude behaviour, like if u ask them twice or having a complaint about the queue."
Government Teaching Hospital Shahdara,1,May Allah never bring anyone to a hospital like this. The entire staff acts as if they own the place and treats the patients like their slaves.,may allah never bring anyone to a hospital like this. the entire staff acts as if they own the place and treats the patients like their slaves.
Government Teaching Hospital Shahdara,5,"Everything is good, Especially doctor behave is very polite and Professional , Doctor and other staff is very train","everything is good, especially doctor behave is very polite and professional , doctor and other staff is very train"
Mayo Hospital,1,I was there to check on my uncle. constant speaker announcement of Maryam Nawaz brag talk made me also sick and no seating area for visitors,i was there to check on my uncle. constant speaker announcement of maryam nawaz brag talk made me also sick and no seating area for visitors
Mayo Hospital,4,"One of the old and largest hospitals of Lahore, offering treatment and surgeries, catering to the patients from all over Punjab. KE medical college attached to it","one of the old and largest hospitals of lahore, offering treatment and surgeries, catering to the patients from all over punjab. ke medical college attached to it"
Mayo Hospital,4,One of the busiest hospital of the south Asia. The legacy is 150 years old. After Mayo Hospital either patient becomes well or goes to the Allah. There are many things to be improved but overall it is worth an effort. Many buildings are old and holds the name of Hindus and Sikhs that lived here before partition. Mayo Hospital is a legacy.,one of the busiest hospital of the south asia. the legacy is 150 years old. after mayo hospital either patient becomes well or goes to the allah. there are many things to be improved but overall it is worth an effort. many buildings are old and holds the name of hindus and sikhs that lived here before partition. mayo hospital is a legacy.
Mayo Hospital,5,"Government mayo hospital  100%satisfied  ,good staff , nursing department is very good Drs are very cooperative . Very neat & clean there was canteen ,pharmacy all  facilities inside this hospital. ICU ward is also very  good  but  one issue is  some are untrained Drs on duty ... And death ratio is high all tests all medicines all things are free ..","government mayo hospital 100satisfied ,good staff , nursing department is very good drs are very cooperative . very neat clean there was canteen ,pharmacy all facilities inside this hospital. icu ward is also very good but one issue is some are untrained drs on duty ... and death ratio is high all tests all medicines all things are free .."
Government Teaching Hospital Shahdara,4,Government hospital in area. Good cooperative hospital staff. Free medicine free ECG,government hospital in area. good cooperative hospital staff. free medicine free ecg
Government Teaching Hospital Shahdara,2,"Very bad experience
DOCTOR SAYS take ur patients and Go too mayo hospital",very bad experience doctor says take ur patients and go too mayo hospital
Government Teaching Hospital Shahdara,3,Emergency service is better but outdoor Experience is very poor,emergency service is better but outdoor experience is very poor
Government Teaching Hospital Shahdara,5,Good job  but un nessasri Quation,good job but un nessasri quation
Government Teaching Hospital Shahdara,5,Good atmosphere but staff is so rude,good atmosphere but staff is so rude
Government Teaching Hospital Shahdara,5,Not helpful doctors vaist time  for patient's and staff not available during duty hours or not helpful for patients,not helpful doctors vaist time for patient's and staff not available during duty hours or not helpful for patients
Government Teaching Hospital Shahdara,5,Best for emergency patients especially GT Road For people from Shahdara to Muridke,best for emergency patients especially gt road for people from shahdara to muridke
Mayo Hospital,1,Mayo hospital is very Great hospital is very true good and caring doctors care,mayo hospital is very great hospital is very true good and caring doctors care
Mayo Hospital,5,Very cooperative staff . Thank you,very cooperative staff . thank you
Mayo Hospital,5,My Father admit in niphrology ward,my father admit in niphrology ward
Mayo Hospital,5,"The hospital environment was clean and well-managed. The medical team responded quickly and professionally. I truly appreciate their dedication and service.""","the hospital environment was clean and well-managed. the medical team responded quickly and professionally. i truly appreciate their dedication and service."""
Mayo Hospital,4,"The facility is clean, well-organized, and equipped with modern medical technology. I highly recommend  for anyone seeking quality healthcare.""","the facility is clean, well-organized, and equipped with modern medical technology. i highly recommend for anyone seeking quality healthcare."""
Mayo Hospital,1,"I have been standing in the outpatient queue at Mayo Hospital for the last two hours, and there is no electricity. People are just standing helplessly in the lines","i have been standing in the outpatient queue at mayo hospital for the last two hours, and there is no electricity. people are just standing helplessly in the lines"
Mayo Hospital,1,"I have faced a ridiculous doctor named Dr.Faizan Elahi in emergency Ward floor 3rd in ladies surgical room on 08/08/2025. He behaved rudely not with only us but with other patients as well.
This type of behavior is totally unacceptable specially if you are suffering in a chronic disease.
I request you to higher authorities to take some serious action against this Dr. Faizan elahi who kicked me off the room and also behaving badly with others as well.",i have faced a ridiculous doctor named dr.faizan elahi in emergency ward floor 3rd in ladies surgical room on 08082025. he behaved rudely not with only us but with other patients as well. this type of behavior is totally unacceptable specially if you are suffering in a chronic disease. i request you to higher authorities to take some serious action against this dr. faizan elahi who kicked me off the room and also behaving badly with others as well.
Mayo Hospital,5,A nice n historic medical facility with modern age equipments and doctors,a nice n historic medical facility with modern age equipments and doctors
Mayo Hospital,1,"The treatment here is very bad, and the doctor sitting on the seat, Dr. M. Noman (4:00am to 5:00am shift), doesn’t even know how to speak to patients respectfully. He talks as if the hospital belongs to his father. Please replace the doctor.....","the treatment here is very bad, and the doctor sitting on the seat, dr. m. noman 400am to 500am shift, doesnt even know how to speak to patients respectfully. he talks as if the hospital belongs to his father. please replace the doctor....."
Mayo Hospital,5,"Best doctors giving you best treatment but lot of issues regarding cleanliness and medical facilities like beds,drip stands etc","best doctors giving you best treatment but lot of issues regarding cleanliness and medical facilities like beds,drip stands etc"
Government Teaching Hospital Shahdara,3,"In this hospital,staf are good.
This hospital is good and cheap price.","in this hospital,staf are good. this hospital is good and cheap price."
Government Teaching Hospital Shahdara,1,Doctors does  not come on time and mostly absent from their duty,doctors does not come on time and mostly absent from their duty
Government Teaching Hospital Shahdara,3,It’s good if there is any reference in hospital…😃arrogant staff,its good if there is any reference in hospitalarrogant staff
Government Teaching Hospital Shahdara,4,"Recommended for treatment but you have to wait for hours for your turn. Otherwise nice building, good doctors and neat and clean atmosphere. But patients have to wait hours as there is always every hour is rush hour.","recommended for treatment but you have to wait for hours for your turn. otherwise nice building, good doctors and neat and clean atmosphere. but patients have to wait hours as there is always every hour is rush hour."
Government Teaching Hospital Shahdara,5,I am very impressed Dr and staf nurses ،ledy guard and spacial thanks copretive Dr Rao amir saleem medical supardent hospital shehdhra lhore,i am very impressed dr and staf nurses ledy guard and spacial thanks copretive dr rao amir saleem medical supardent hospital shehdhra lhore
Government Teaching Hospital Shahdara,3,A reasonable government institution and Services  I personally satisfied with the standard of cleaning,a reasonable government institution and services i personally satisfied with the standard of cleaning
Government Teaching Hospital Shahdara,3,"A huge number of patients from all over Shahdara and surroundings visit for medical Facilities but shortage of doctors is causing problems for public, long waiting for outdoor check up, Govt need to upgrade equipments and increase Human Resources to improve services to comm people.","a huge number of patients from all over shahdara and surroundings visit for medical facilities but shortage of doctors is causing problems for public, long waiting for outdoor check up, govt need to upgrade equipments and increase human resources to improve services to comm people."
Mayo Hospital,1,"Long waiting, visiting hospital is like solving puzzles… zero cleaning","long waiting, visiting hospital is like solving puzzles zero cleaning"
Mayo Hospital,1,"Visited first time and disappointed, came all the way from attock to discuss co-ablation process for my father but they didn’t have pancreas treatment yet and on social they were claiming that they have treatment for any kind of cancer patient,
well their doctor said they have treatment for only patient with Liver,lungs,kidney and breast cancer if it’s on stage one and the size not more than 3mm,
People are coming from everywhere wasting their time and energy.","visited first time and disappointed, came all the way from attock to discuss co-ablation process for my father but they didnt have pancreas treatment yet and on social they were claiming that they have treatment for any kind of cancer patient, well their doctor said they have treatment for only patient with liver,lungs,kidney and breast cancer if its on stage one and the size not more than 3mm, people are coming from everywhere wasting their time and energy."
Mayo Hospital,1,"Worst experience, disrespectful and unprofessional doctor of opT ., local language , gutter minded words and illiterate attitude towards patients","worst experience, disrespectful and unprofessional doctor of opt ., local language , gutter minded words and illiterate attitude towards patients"
Mayo Hospital,4,"Almost all facilities there.
Well experienced doctors there.",almost all facilities there. well experienced doctors there.
Mayo Hospital,4,"Mayo Hospital Lahore, established in 1871, is one of the oldest and largest public sector hospitals in Pakistan. Located adjacent to King Edward Medical University, it plays a critical role in the healthcare system of Punjab. With over 2,400 beds, the hospital provides a wide range of medical and surgical services to thousands of patients daily. It serves not only as a treatment center but also as a major teaching hospital for medical students and trainees from all over the country. The hospital is known for its commitment to offering free medical care to patients, including diagnostic and treatment services, which makes it a vital institution for low-income individuals.

Despite its vast scope, Mayo Hospital faces several challenges. The large influx of patients often leads to overcrowding in wards and emergency units. Staff members, while generally dedicated and hardworking, are sometimes overwhelmed by the sheer volume of cases, which can result in long waiting times and occasional lapses in care. The infrastructure of the hospital, although historic and iconic, requires consistent maintenance and upgrading to keep pace with modern healthcare needs. Some departments are better equipped than others, and the quality of service may vary depending on the area and time of visit.","mayo hospital lahore, established in 1871, is one of the oldest and largest public sector hospitals in pakistan. located adjacent to king edward medical university, it plays a critical role in the healthcare system of punjab. with over 2,400 beds, the hospital provides a wide range of medical and surgical services to thousands of patients daily. it serves not only as a treatment center but also as a major teaching hospital for medical students and trainees from all over the country. the hospital is known for its commitment to offering free medical care to patients, including diagnostic and treatment services, which makes it a vital institution for low-income individuals. despite its vast scope, mayo hospital faces several challenges. the large influx of patients often leads to overcrowding in wards and emergency units. staff members, while generally dedicated and hardworking, are sometimes overwhelmed by the sheer volume of cases, which can result in long waiting times and occasional lapses in care. the infrastructure of the hospital, although historic and iconic, requires consistent maintenance and upgrading to keep pace with modern healthcare needs. some departments are better equipped than others, and the quality of service may vary depending on the area and time of visit."
Government Teaching Hospital Shahdara,4,"Everything was good in the hospital. The staff and doctors are cooperative. I'm giving 4 star because of this. The only issue in this hospital is the cleanliness. Bugs are wandering around the beds, they must use some type of spray or insect killer so that the patients can sleep without any hesitation.","everything was good in the hospital. the staff and doctors are cooperative. i'm giving 4 star because of this. the only issue in this hospital is the cleanliness. bugs are wandering around the beds, they must use some type of spray or insect killer so that the patients can sleep without any hesitation."
Government Teaching Hospital Shahdara,4,"Above than average, very well equipped, neat & clean hospital, have ability to handle critical cases voluntarily supervised by professional doctors. A little bit struggle required to fulfill documentation work. Staff behaves usual like other government organizations. Overall good.
Recommended.","above than average, very well equipped, neat clean hospital, have ability to handle critical cases voluntarily supervised by professional doctors. a little bit struggle required to fulfill documentation work. staff behaves usual like other government organizations. overall good. recommended."
Government Teaching Hospital Shahdara,4,Intensive care unit of shahdara area,intensive care unit of shahdara area
Mayo Hospital,1,Staff and employees behaviour not good?,staff and employees behaviour not good?
Mayo Hospital,1,"Miyo Hospital is one of the worst hospitals I’ve ever encountered. The staff and doctors are extremely unprofessional and disrespectful. They do not treat patients with care or urgency, especially in critical situations. My father passed away due to their negligence. Even in an emergency, they wasted 30–40 minutes  instead of starting immediate treatment. The doctors showed no urgency or compassion, and even the security guards were rude and unhelpful. If you care about your loved ones, do not take them to this hospital. Their behavior and attitude can cost lives. Absolutely not recommended.","miyo hospital is one of the worst hospitals ive ever encountered. the staff and doctors are extremely unprofessional and disrespectful. they do not treat patients with care or urgency, especially in critical situations. my father passed away due to their negligence. even in an emergency, they wasted 3040 minutes instead of starting immediate treatment. the doctors showed no urgency or compassion, and even the security guards were rude and unhelpful. if you care about your loved ones, do not take them to this hospital. their behavior and attitude can cost lives. absolutely not recommended."
Government Teaching Hospital Shahdara,1,Slow service.. Actually  patient boht zayada han or staff/ windows boht km han. Lack of medical staff. Sitting b na hony k brabr h k 60% public khari rhti,slow service.. actually patient boht zayada han or staff windows boht km han. lack of medical staff. sitting b na hony k brabr h k 60 public khari rhti
Government Teaching Hospital Shahdara,5,Very good first aid in shahdra people 24/hours doctor sttaf in duty .good,very good first aid in shahdra people 24hours doctor sttaf in duty .good
Government Teaching Hospital Shahdara,2,As the government hospitals are it is more crowded and staff behaviour is non professional,as the government hospitals are it is more crowded and staff behaviour is non professional
Mayo Hospital,5,"Old Vintage Crowded with Patients and with their Caretakers , one of the biggest of Asia 🌏","old vintage crowded with patients and with their caretakers , one of the biggest of asia"
Mayo Hospital,1,The doctor there grabbed my sister's arm so tightly that it left a mark on her arm,the doctor there grabbed my sister's arm so tightly that it left a mark on her arm
Mayo Hospital,4,THIS IS NOW NOT A GOVERNMENT HOSPITAL.,this is now not a government hospital.
Mayo Hospital,1,Bad experience staff not trained Dr not trained bemari Kuch btae or medicine koe or da di,bad experience staff not trained dr not trained bemari kuch btae or medicine koe or da di
Government Teaching Hospital Shahdara,3,Very good first-aid point for the people of shahdra it's 24/7 serving doctor and nurses helping people to save their lives 👍,very good first-aid point for the people of shahdra it's 247 serving doctor and nurses helping people to save their lives
Government Teaching Hospital Shahdara,5,As usual like others public hospital,as usual like others public hospital
Government Teaching Hospital Shahdara,5,Good doctor and sttaf both doors,good doctor and sttaf both doors
Government Teaching Hospital Shahdara,5,Basic health facility for poor people,basic health facility for poor people
Government Teaching Hospital Shahdara,3,The hospital is okay. Like every government hospital.,the hospital is okay. like every government hospital.
Government Teaching Hospital Shahdara,2,"Helpline staff is the worst thing about it.
Beside its all okay",helpline staff is the worst thing about it. beside its all okay
Government Teaching Hospital Shahdara,5,Government hospitals are now getting fine. Thank you so much Imran Khan for your reactions for the development of government hospitals.,government hospitals are now getting fine. thank you so much imran khan for your reactions for the development of government hospitals.
Government Teaching Hospital Shahdara,3,Some doctors assistant behavior are so ugly and they bullying,some doctors assistant behavior are so ugly and they bullying
Mayo Hospital,5,Very good facility excellent nursing staff and economical.,very good facility excellent nursing staff and economical.
Mayo Hospital,4,"As I Went to eye department building , for a very serious case ..
Thanks to Allah we got treatment ..
& doctors were very very *compitant* , *efficient*, *cooperative* and polite .. but few things management must pay attention
1- why main reception counters were vacant..?
2- why lower staff was not wearing identity cards or uniforms ..?
3- staff designations were not clear.
4- only stick holders (may be on duty  guards) were guiding where to go to consult a doc.
5- There was no complaint box / counter.
6- Only one person named idrees and one of his colleagues I must mention sick minded and ill mannered sitting out at room 6 door eye department & was shouting at patients had extremely bad behaviour.
Such people must be tackled they cause damage to repute of institutes and things get out of control and apparently look unorganized.
7- there was nobody to check *behaviour* of
workers staff.
Renovation was on so no more comments over cleanliness & infrastructure ..
May Allah bless our institutes with grace and usefulness.  ⭐","as i went to eye department building , for a very serious case .. thanks to allah we got treatment .. doctors were very very compitant , efficient, cooperative and polite .. but few things management must pay attention 1- why main reception counters were vacant..? 2- why lower staff was not wearing identity cards or uniforms ..? 3- staff designations were not clear. 4- only stick holders may be on duty guards were guiding where to go to consult a doc. 5- there was no complaint box counter. 6- only one person named idrees and one of his colleagues i must mention sick minded and ill mannered sitting out at room 6 door eye department was shouting at patients had extremely bad behaviour. such people must be tackled they cause damage to repute of institutes and things get out of control and apparently look unorganized. 7- there was nobody to check behaviour of workers staff. renovation was on so no more comments over cleanliness infrastructure .. may allah bless our institutes with grace and usefulness."
Mayo Hospital,5,Punjab government has done a very good job.,punjab government has done a very good job.
Mayo Hospital,4,Neat and clean environment well behaved staff and the best doctors,neat and clean environment well behaved staff and the best doctors
Government Teaching Hospital Shahdara,1,BSN generic seats are available or not for boy's??? if available plz share some information about tbis and also provide procedure about the admission form...,bsn generic seats are available or not for boy's??? if available plz share some information about tbis and also provide procedure about the admission form...
Government Teaching Hospital Shahdara,1,Wrong diagnosis... and mostly patients are wrong treated,wrong diagnosis... and mostly patients are wrong treated
Government Teaching Hospital Shahdara,5,Government hospital with new building and staff lots of facilities include MRI and cts scans along with x Ray's,government hospital with new building and staff lots of facilities include mri and cts scans along with x ray's
Government Teaching Hospital Shahdara,5,Good hospital for the masses govt own. Emergency and 24/7 here in Shahdara. G.T road.,good hospital for the masses govt own. emergency and 247 here in shahdara. g.t road.
Government Teaching Hospital Shahdara,5,This hospital provide primary and secondary health care to nearby population and helping poor public very well. I recommend this hospital for public.,this hospital provide primary and secondary health care to nearby population and helping poor public very well. i recommend this hospital for public.
Government Teaching Hospital Shahdara,1,"Male staff appointed in female chekup rooms. Eg. Ultrasound rooms, door guards, etc. I fully recumended that the female staff opointed on these rooms and staff treat the patient with good behavior .....
SHOAIB AHMAD BHATTI JC (LDC) AT SESSION / DISTRICT COURTS LAHORE.","male staff appointed in female chekup rooms. eg. ultrasound rooms, door guards, etc. i fully recumended that the female staff opointed on these rooms and staff treat the patient with good behavior ..... shoaib ahmad bhatti jc ldc at session district courts lahore."
Government Teaching Hospital Shahdara,5,Beautiful View.. Back Side.. Architects Beauty 😍😍,beautiful view.. back side.. architects beauty
Government Teaching Hospital Shahdara,4,"Newly built & bigger hospital in this area, large numbers of patients come here for outdoor checkup, around 2000 to 2500 people’s come daily routine checkup. Most of wards are very good & equipped with latest machines, peoples facing problems in some ward due to lack of staff. Doctors & paramedics staff are well trained & helps them. New building for nurses & paramedics has ready to operational.","newly built bigger hospital in this area, large numbers of patients come here for outdoor checkup, around 2000 to 2500 peoples come daily routine checkup. most of wards are very good equipped with latest machines, peoples facing problems in some ward due to lack of staff. doctors paramedics staff are well trained helps them. new building for nurses paramedics has ready to operational."
Mayo Hospital,5,Mayo hospital new surgical Tower and other options very well thanks for government of Punjab is very good options poor peoples and free help around about Punjab and overall Pakistani,mayo hospital new surgical tower and other options very well thanks for government of punjab is very good options poor peoples and free help around about punjab and overall pakistani
Mayo Hospital,5,"MaYo Hospital Lahore Is A great Hospital For Treatments, Surgeries, Chemotherapy treatments, Cardiology/ heart Treatments , And Radiotherapies.
Cardiology Department Of Mayo Hospital Is Very Setup And with Very Good And Cooperative Staff.","mayo hospital lahore is a great hospital for treatments, surgeries, chemotherapy treatments, cardiology heart treatments , and radiotherapies. cardiology department of mayo hospital is very setup and with very good and cooperative staff."
Mayo Hospital,5,Best treatment Hospital and provide Butter facility than others hospital at Lahore,best treatment hospital and provide butter facility than others hospital at lahore
Mayo Hospital,5,Good service and cooperative Doctors and nurses,good service and cooperative doctors and nurses
Mayo Hospital,5,I salute the staff and doctors. They are doing great in the resources they are provided. Very good behavior with everyone. May Allah bless everyone on earth. 🙂,i salute the staff and doctors. they are doing great in the resources they are provided. very good behavior with everyone. may allah bless everyone on earth.
Mayo Hospital,1,Parking fees double at night. Bathrooms are dirty as hell. No soap no hand wash. No nothing. Staff is also not cooperative. Rude and unethical. Not recommended. Rather you should prefer private hospitals if you can afford it. They are worth the money.,parking fees double at night. bathrooms are dirty as hell. no soap no hand wash. no nothing. staff is also not cooperative. rude and unethical. not recommended. rather you should prefer private hospitals if you can afford it. they are worth the money.
Mayo Hospital,2,Not proper facilities to give patients,not proper facilities to give patients
Government Teaching Hospital Shahdara,5,It's a gift from Youasf Raza Gallani Shahdara Peoples,it's a gift from youasf raza gallani shahdara peoples
Government Teaching Hospital Shahdara,3,"In this hospital only have Cleanliness. Still lack of proper machinery, beds and staff. Staff and doctors of this hospital are incorporate.","in this hospital only have cleanliness. still lack of proper machinery, beds and staff. staff and doctors of this hospital are incorporate."
Government Teaching Hospital Shahdara,5,This hospital is at very good location.. and good for those who can't go lahore in emergency bacause of traffic problems..,this hospital is at very good location.. and good for those who can't go lahore in emergency bacause of traffic problems..
Government Teaching Hospital Shahdara,2,Good hospital for Shahdara people but lack of staff and equipment,good hospital for shahdara people but lack of staff and equipment
Government Teaching Hospital Shahdara,3,It is just ok there no enough staff is available,it is just ok there no enough staff is available
Government Teaching Hospital Shahdara,4,A teaching hospital with good standard.,a teaching hospital with good standard.
Government Teaching Hospital Shahdara,5,"It is a great hospital developed by the Government of Punjab, to serve the community arround.","it is a great hospital developed by the government of punjab, to serve the community arround."
Government Teaching Hospital Shahdara,3,"No doubt Punjab government is working so hard to make the people if this area reach easily where ever they want. And we had no problem by reaching at this hospital.
Hospital building is good and it may have more than 30 rooms, in this rural area this size of hospital is okay. On other point services are worse doctors and staff don't have any idea of hospitality, care and love. They just try to do their job by speaking harsh with patients and their attendants. Lab and operation theater staff was busy in mobiles, so were the doctors. Doctors were busy in chit chat, they don't even bothered to walk to the patient, they were sitting on their chairs and not even tried to speak with patient. Overall worse experience","no doubt punjab government is working so hard to make the people if this area reach easily where ever they want. and we had no problem by reaching at this hospital. hospital building is good and it may have more than 30 rooms, in this rural area this size of hospital is okay. on other point services are worse doctors and staff don't have any idea of hospitality, care and love. they just try to do their job by speaking harsh with patients and their attendants. lab and operation theater staff was busy in mobiles, so were the doctors. doctors were busy in chit chat, they don't even bothered to walk to the patient, they were sitting on their chairs and not even tried to speak with patient. overall worse experience"
Government Teaching Hospital Shahdara,3,Nothing to praise about this hospital 😒😒,nothing to praise about this hospital
Mayo Hospital,5,"One of the best hospitals in Lahore. When a poor patient can't afford costly medication. Myo hospital is there to serve for everyone either he is rich or poor.

Outstanding free OPD.",one of the best hospitals in lahore. when a poor patient can't afford costly medication. myo hospital is there to serve for everyone either he is rich or poor. outstanding free opd.
United Christian Hospital,4,"A good hospital in its category.
Healthcare worldwide is not cheap but they r doing a good job, especially pvt clinics","a good hospital in its category. healthcare worldwide is not cheap but they r doing a good job, especially pvt clinics"
United Christian Hospital,5,"I visited here for my late brother..
He had kidney issues...",i visited here for my late brother.. he had kidney issues...
United Christian Hospital,1,Worst ever hospital please do not go there if you want more information contact me personally,worst ever hospital please do not go there if you want more information contact me personally
United Christian Hospital,1,"I had a terrible experience at United Christian Hospital. I randomly went to the hospital as this was the only one on the way and I urgently required care. I went in for a simple tetanus shot, but the nurse administered it incorrectly, which led to cellulitis in my arm, a high fever, and chest pains. On top of that, basic hygiene protocols were completely ignored—she didn’t sanitize her hands, wear gloves, or clean the injection site properly. This is unacceptable and shows a serious lack of professionalism and patient safety standards. I strongly advise others to be cautious when seeking treatment here. AVOID!! I was later saved by Hameed Latif otherwise I’m not sure what would’ve happened a small tetanus shot turn into something else.","i had a terrible experience at united christian hospital. i randomly went to the hospital as this was the only one on the way and i urgently required care. i went in for a simple tetanus shot, but the nurse administered it incorrectly, which led to cellulitis in my arm, a high fever, and chest pains. on top of that, basic hygiene protocols were completely ignoredshe didnt sanitize her hands, wear gloves, or clean the injection site properly. this is unacceptable and shows a serious lack of professionalism and patient safety standards. i strongly advise others to be cautious when seeking treatment here. avoid!! i was later saved by hameed latif otherwise im not sure what wouldve happened a small tetanus shot turn into something else."
United Christian Hospital,5,"Assalamalaiukum.

I would like to extend my heartfelt gratitude to the exceptional team of doctors especially.
Dr. Sheen Kausar,
Dr. Hani Ahsan,
and the nursing  staff at the United Christian Hospital  Lahore,
for outstanding care and compassion. From the moment we arrived, we felt confident that our patient, my wife Mrs. Saiqa Nadeem, is in capable hands.

The medical team's expertise, kindness, and dedication were evident throughout the entire process, from pre-surgery preparations to post-operative care. Their attentiveness and reassurance helped alleviate our concerns, making a difficult experience more manageable.

Please know that your selfless devotion to healing and caring for others has not gone unnoticed. We are deeply thankful for everything you've done for my family and appreciate the remarkable work you do every day.
Stay safe and stay blessed.
Best regards.🌹🌹🌹🌹","assalamalaiukum. i would like to extend my heartfelt gratitude to the exceptional team of doctors especially. dr. sheen kausar, dr. hani ahsan, and the nursing staff at the united christian hospital lahore, for outstanding care and compassion. from the moment we arrived, we felt confident that our patient, my wife mrs. saiqa nadeem, is in capable hands. the medical team's expertise, kindness, and dedication were evident throughout the entire process, from pre-surgery preparations to post-operative care. their attentiveness and reassurance helped alleviate our concerns, making a difficult experience more manageable. please know that your selfless devotion to healing and caring for others has not gone unnoticed. we are deeply thankful for everything you've done for my family and appreciate the remarkable work you do every day. stay safe and stay blessed. best regards."
Government Teaching Hospital Shahdara,4,Needs more facilities but still doctors n whole staff is working to provide the best to the patients inspite of  alot of patient  ... actually u cant satisfy everyone. So people go on complainting rather than waiting for their turn.,needs more facilities but still doctors n whole staff is working to provide the best to the patients inspite of alot of patient ... actually u cant satisfy everyone. so people go on complainting rather than waiting for their turn.
Government Teaching Hospital Shahdara,1,"Very poor experience indeed, no modern medical equipments like MRI etc, doctors attitide is traditional as in all govt hospitals of Pakistan...Better find another hospital for medical treatment.","very poor experience indeed, no modern medical equipments like mri etc, doctors attitide is traditional as in all govt hospitals of pakistan...better find another hospital for medical treatment."
Government Teaching Hospital Shahdara,4,Very Nice Hospital Thanks to PML (N).  Now they upgraded it with new blocks.,very nice hospital thanks to pml n. now they upgraded it with new blocks.
Government Teaching Hospital Shahdara,5,IT S OWESOME ...NO ANY WORD CAN TELL ITS GOODNESS.,it s owesome ...no any word can tell its goodness.
Mayo Hospital,4,New department is good and quiet better than old ones,new department is good and quiet better than old ones
Mayo Hospital,4,"Mayo Hospital in Lahore is one of the oldest and largest hospitals in Pakistan, and its historical significance is undeniable. The facility offers a wide range of medical services, from emergency care to specialized treatments. The medical staff, including doctors and nurses, are generally experienced and dedicated.

However, the hospital faces several challenges that impact the overall patient experience. The infrastructure is outdated, with some areas in need of urgent renovation. The waiting times can be long, and the patient load often exceeds capacity, leading to overcrowded wards and strained resources. Cleanliness is another area that requires improvement, as maintaining hygiene standards in such a busy environment seems challenging.","mayo hospital in lahore is one of the oldest and largest hospitals in pakistan, and its historical significance is undeniable. the facility offers a wide range of medical services, from emergency care to specialized treatments. the medical staff, including doctors and nurses, are generally experienced and dedicated. however, the hospital faces several challenges that impact the overall patient experience. the infrastructure is outdated, with some areas in need of urgent renovation. the waiting times can be long, and the patient load often exceeds capacity, leading to overcrowded wards and strained resources. cleanliness is another area that requires improvement, as maintaining hygiene standards in such a busy environment seems challenging."
Mayo Hospital,1,"I accompanied my mother to Mayo Hospital Lahore for a medical consultation. The consultation took place in Room Number 23 (out-patient department). During the consultation, when I mentioned how long my mother had been experiencing her symptoms, the doctor responded in an unprofessional and disrespectful manner by saying, ""ABB YAAD AYA HAI AP KO CHECK AP KRWANA?"" She was Soo rude, even not listening us properly.

Following this, the doctor sent us to Room Number 33 for further consultation. In Room Number 33, we observed that the doctor was using Google to write the prescription while she was engaged in a conversation with the other doctor. We were left waiting for an extended period without any attention or explanation.

This series of events not only made us feel uncomfortable but also raised concerns about the professionalism and efficiency of the medical care provided. We believe that patients and their families deserve to be treated with respect and to receive competent and attentive care from healthcare professionals.

I request that this matter be investigated and appropriate actions be taken to ensure that all patients receive respectful and professional care in the future.","i accompanied my mother to mayo hospital lahore for a medical consultation. the consultation took place in room number 23 out-patient department. during the consultation, when i mentioned how long my mother had been experiencing her symptoms, the doctor responded in an unprofessional and disrespectful manner by saying, ""abb yaad aya hai ap ko check ap krwana?"" she was soo rude, even not listening us properly. following this, the doctor sent us to room number 33 for further consultation. in room number 33, we observed that the doctor was using google to write the prescription while she was engaged in a conversation with the other doctor. we were left waiting for an extended period without any attention or explanation. this series of events not only made us feel uncomfortable but also raised concerns about the professionalism and efficiency of the medical care provided. we believe that patients and their families deserve to be treated with respect and to receive competent and attentive care from healthcare professionals. i request that this matter be investigated and appropriate actions be taken to ensure that all patients receive respectful and professional care in the future."
United Christian Hospital,5,"Good Hospital. Courteous and Professional Staff. Got my covid vaccination from here during the pandemic and it was hassle free. Located near liberty market Lahore, on Gulburg Mian Boulevard. Ample of parking space but it is paid parking.","good hospital. courteous and professional staff. got my covid vaccination from here during the pandemic and it was hassle free. located near liberty market lahore, on gulburg mian boulevard. ample of parking space but it is paid parking."
United Christian Hospital,1,Once a renowned hospital ruined by poor administration and an incompetent director. Health facilities are scarce. Plus they have not paid several staff members for last 7 to 8 months. Just paid them few bucks last easter...,once a renowned hospital ruined by poor administration and an incompetent director. health facilities are scarce. plus they have not paid several staff members for last 7 to 8 months. just paid them few bucks last easter...
United Christian Hospital,5,It's really good doctors and staff...,it's really good doctors and staff...
United Christian Hospital,3,Great building but need to maintain more,great building but need to maintain more
United Christian Hospital,1,"Went there for Covid booster dose. Upon arrival, the guards told me that nobody is available at the hospital.","went there for covid booster dose. upon arrival, the guards told me that nobody is available at the hospital."
United Christian Hospital,5,Christian Hospital care with compassionate healing for Glory of God.,christian hospital care with compassionate healing for glory of god.
Government Teaching Hospital Shahdara,5,"An excellent facility for this area, purpose built hospital having well equipped departments particularly Ophthalmology Department","an excellent facility for this area, purpose built hospital having well equipped departments particularly ophthalmology department"
United Christian Hospital,4,"Day staff is good, hardworking and caring about patients. Doctors were very approachable and ready to help.","day staff is good, hardworking and caring about patients. doctors were very approachable and ready to help."
United Christian Hospital,5,Near Monal Restaurant kalma chowk under pass,near monal restaurant kalma chowk under pass
United Christian Hospital,4,This is a good place to get vaccinated.,this is a good place to get vaccinated.
United Christian Hospital,4,The services are great and staff is very cooperative,the services are great and staff is very cooperative
United Christian Hospital,5,"I born here in 1963, my  one and only brother also born  here after 3 years❤️❤️❤️❤️","i born here in 1963, my one and only brother also born here after 3 years"
United Christian Hospital,1,This hospital need more maintaince staff is really rude ....don't listen carefully ...doctors don't come at emergency of their own patients.....very disappointing....above all bad smell all around Inside.,this hospital need more maintaince staff is really rude ....don't listen carefully ...doctors don't come at emergency of their own patients.....very disappointing....above all bad smell all around inside.
United Christian Hospital,4,A good n facilitated vaccination centre although in this hot summers .,a good n facilitated vaccination centre although in this hot summers .
United Christian Hospital,5,Dr Amima you us physiotherapist is best there.,dr amima you us physiotherapist is best there.
Mayo Hospital,3,Pathetic experience over here last night due to front desk attendant. I had normal blood pressure(130/80) but she wrongly diagnosed it 190/90 which leads me to several heart procedures like ecg and heart attack checkup. Later it was diagnosed that it was just a gastric pain. Thanks to doctors and medical staff. They were very cooperating.,pathetic experience over here last night due to front desk attendant. i had normal blood pressure13080 but she wrongly diagnosed it 19090 which leads me to several heart procedures like ecg and heart attack checkup. later it was diagnosed that it was just a gastric pain. thanks to doctors and medical staff. they were very cooperating.
Mayo Hospital,5,"neat and clean, affordable for all type of people.","neat and clean, affordable for all type of people."
Mayo Hospital,5,Construction work is going on in the mayo hospital. All doctors are senior and check the patients very carefully,construction work is going on in the mayo hospital. all doctors are senior and check the patients very carefully
United Christian Hospital,4,"Best im comfortable with their staff and doctors too.
They are really serving humanity.",best im comfortable with their staff and doctors too. they are really serving humanity.
United Christian Hospital,5,Its a Very Old Hospital in Lahore. I Know This Hospital.,its a very old hospital in lahore. i know this hospital.
United Christian Hospital,5,"The people in dental department are very much cooperative and did the satisfactory job. Thanks UCH management,  keep it up and may Lord bless you.","the people in dental department are very much cooperative and did the satisfactory job. thanks uch management, keep it up and may lord bless you."
United Christian Hospital,4,"Building is getting older, need some repairs","building is getting older, need some repairs"
Mayo Hospital,4,"Hospital Serving Man Kind From Last 100 Year's, Very Much Improved but very much overloaded.","hospital serving man kind from last 100 year's, very much improved but very much overloaded."
Mayo Hospital,1,The worst hospital. There doctors are so irresponsible because of them I lost my mother. They're inhuman they don't know how to treat their patients. They don't deserve to be doctors. On 7 May I lost my mother due to their inhuman behaviour. No doc was there to treat my mother. I will never recommend anyone to this hospital. And I'll never forgive them for giving me life time trauma. Don't take your loved one to this hospital they are just pathetic.,the worst hospital. there doctors are so irresponsible because of them i lost my mother. they're inhuman they don't know how to treat their patients. they don't deserve to be doctors. on 7 may i lost my mother due to their inhuman behaviour. no doc was there to treat my mother. i will never recommend anyone to this hospital. and i'll never forgive them for giving me life time trauma. don't take your loved one to this hospital they are just pathetic.
Mayo Hospital,1,"Unhygienic condition, staff even the gatekeepers take bribe and let people enter the wards. You can see balloon sellers and even beggars in the wards","unhygienic condition, staff even the gatekeepers take bribe and let people enter the wards. you can see balloon sellers and even beggars in the wards"
Mayo Hospital,5,Very nice place Hospital Lahore and I don't want you on off this world in the future and the best thing about this situation was a great Hotel and the city,very nice place hospital lahore and i don't want you on off this world in the future and the best thing about this situation was a great hotel and the city
United Christian Hospital,4,"United Christian Hospital is a general hospital which provides excellent services to their patients. It is located at Gulberg III in Lahore, Pakistan. It provides great standards in each field of medicine and surgery. It is a well-equipped hospital that contains great medical technology and provides all types of medical health and care services. Find the best doctors of United Christian Hospital listed on HamariWeb are Dr. Muhammad Javaid Shah, Dr. Samuael Nawab, Dr. Khalid Mehmood and others. This page is based on the basic information about the renowned United Christian Hospital. You can access the contact details and consultation timings of the doctors operate in United Christian Hospital. You can even find doctors by specialty in United Christian Hospital. You can browse and search for Kidney center, Cancer Hospitals, Children Hospitals, Clinic, Eye Hospitals and General Hospitals in Karachi, Lahore, Faisalabad, Gujranwala, Hyderabad, Rawalpindi and other districts of Pakistan.","united christian hospital is a general hospital which provides excellent services to their patients. it is located at gulberg iii in lahore, pakistan. it provides great standards in each field of medicine and surgery. it is a well-equipped hospital that contains great medical technology and provides all types of medical health and care services. find the best doctors of united christian hospital listed on hamariweb are dr. muhammad javaid shah, dr. samuael nawab, dr. khalid mehmood and others. this page is based on the basic information about the renowned united christian hospital. you can access the contact details and consultation timings of the doctors operate in united christian hospital. you can even find doctors by specialty in united christian hospital. you can browse and search for kidney center, cancer hospitals, children hospitals, clinic, eye hospitals and general hospitals in karachi, lahore, faisalabad, gujranwala, hyderabad, rawalpindi and other districts of pakistan."
United Christian Hospital,3,"A hospital is not one of the nicest places that one is keen on visiting. But without a hospital in town life could sometimes become a nightmare, especially in times of an emergency. A hospital is linked to life saving services, which enables a person to recover from some serious injury or illness. Sometimes situations in life make it essential for us to move into a hospital. The cause for visiting a hospital could mean illness or visiting a sick or injured person, who is a near and dear one. Thus one day when my uncle met with an accident and broke his leg, he got admitted into St. John's Hospital for treatment and recovery. It was when I went to visit him over the weekend that I realized how busy a hospital is.

It was a Sunday evening when my family members were getting ready to visit my uncle who had been admitted to St. John's Hospital on account of a motor cycle accident. My mother asked me to go along since on Sundays children were allowed into the hospital. I was not very keen on going, but I was worried about my uncle's recovery and I wanted to see him as well. So, I quickly dressed up and jumped into the car with mother, aunt and driver that headed towards the hospital. We reached in about half an hour. I was quite curious as well as a bit nervous as I had never been to a hospital before.

As soon as we entered the hospital we were directed by the security guards towards the reception that was centrally air conditioned. The hospital was very clean and maintained well. At the reception there was a big crowd of people. Some were seated while others remained standing in anxiety. When I asked my mother about the crowd of people, she told me that they had all come to see their near and dear ones who were admitted into the hospital because of some ailment. There was a well dressed lady at the reception who handed us four printed cards. There was quite a lot of hustle and bustle at the reception area. Visitors were seen hurrying up and down the stairs or some were even frequently moving up and down the elevators. We also proceeded towards the elevator and headed towards room number 412 where my uncle was admitted.

I was surprised and nervous to see so many sick people and their relatives who were so anxious. Regular announcements were being made. There was a medicine counter in the ground floor of the hospital that seemed to be always crowded. The next thing I noticed was two ambulances waiting in the car parking lot. Another ambulance had just arrived and a patient was being hurriedly moved towards the operation theatre. I saw ladies dressed in uniform serving the patients. My mother told me that they were nurses. The nurses were administering medicines to the patients. I also noticed an operation theatre on the third floor that had an ICU unit opposite it. When I peeped through the glass, I saw bottles of saline and oxygen cylinders being given to patients. There were also different types of machines, devices and gadgets that monitored the patient's condition. Doctors were seen visiting the patients, prescribing medicines and doing their health checkups. It really scared me think that one day perhaps I would be here to be treated for some sort of ailment or the other.

Finally we reached room number 412. I was happy to see my uncle recovering and he was also happy to see us. My aunt spoke to the doctor who said that my uncle was recovering fast and that there was nothing to worry. It was a great relief to hear those words of consolation. We had taken some clothes, fruits and eatables for my uncle, which we gave him. We spent some quality time with my uncle for nearly two hours, after which the visiting hours came to an end. A security guard came to alert us on the time and told us that it was time to leave. We wished my uncle good bye and I hugged him. He had to remain in the hospital for one more week or so.

I returned home with my aunt and mother. All throughout the way much. I was happy to see my uncle recover and I was expecting him to come home soon.","a hospital is not one of the nicest places that one is keen on visiting. but without a hospital in town life could sometimes become a nightmare, especially in times of an emergency. a hospital is linked to life saving services, which enables a person to recover from some serious injury or illness. sometimes situations in life make it essential for us to move into a hospital. the cause for visiting a hospital could mean illness or visiting a sick or injured person, who is a near and dear one. thus one day when my uncle met with an accident and broke his leg, he got admitted into st. john's hospital for treatment and recovery. it was when i went to visit him over the weekend that i realized how busy a hospital is. it was a sunday evening when my family members were getting ready to visit my uncle who had been admitted to st. john's hospital on account of a motor cycle accident. my mother asked me to go along since on sundays children were allowed into the hospital. i was not very keen on going, but i was worried about my uncle's recovery and i wanted to see him as well. so, i quickly dressed up and jumped into the car with mother, aunt and driver that headed towards the hospital. we reached in about half an hour. i was quite curious as well as a bit nervous as i had never been to a hospital before. as soon as we entered the hospital we were directed by the security guards towards the reception that was centrally air conditioned. the hospital was very clean and maintained well. at the reception there was a big crowd of people. some were seated while others remained standing in anxiety. when i asked my mother about the crowd of people, she told me that they had all come to see their near and dear ones who were admitted into the hospital because of some ailment. there was a well dressed lady at the reception who handed us four printed cards. there was quite a lot of hustle and bustle at the reception area. visitors were seen hurrying up and down the stairs or some were even frequently moving up and down the elevators. we also proceeded towards the elevator and headed towards room number 412 where my uncle was admitted. i was surprised and nervous to see so many sick people and their relatives who were so anxious. regular announcements were being made. there was a medicine counter in the ground floor of the hospital that seemed to be always crowded. the next thing i noticed was two ambulances waiting in the car parking lot. another ambulance had just arrived and a patient was being hurriedly moved towards the operation theatre. i saw ladies dressed in uniform serving the patients. my mother told me that they were nurses. the nurses were administering medicines to the patients. i also noticed an operation theatre on the third floor that had an icu unit opposite it. when i peeped through the glass, i saw bottles of saline and oxygen cylinders being given to patients. there were also different types of machines, devices and gadgets that monitored the patient's condition. doctors were seen visiting the patients, prescribing medicines and doing their health checkups. it really scared me think that one day perhaps i would be here to be treated for some sort of ailment or the other. finally we reached room number 412. i was happy to see my uncle recovering and he was also happy to see us. my aunt spoke to the doctor who said that my uncle was recovering fast and that there was nothing to worry. it was a great relief to hear those words of consolation. we had taken some clothes, fruits and eatables for my uncle, which we gave him. we spent some quality time with my uncle for nearly two hours, after which the visiting hours came to an end. a security guard came to alert us on the time and told us that it was time to leave. we wished my uncle good bye and i hugged him. he had to remain in the hospital for one more week or so. i returned home with my aunt and mother. all throughout the way much. i was happy to see my uncle recover and i was expecting him to come home soon."
United Christian Hospital,5,This is very good hospital and staff is very kind.there is no discrimination between Muslims and non-Muslims.both are treated equally,this is very good hospital and staff is very kind.there is no discrimination between muslims and non-muslims.both are treated equally
United Christian Hospital,5,i had eyes checkup twice. excellent service,i had eyes checkup twice. excellent service
United Christian Hospital,4,Not a maintained hospital. It can be one of the best hospitals if this could run by any private organization.,not a maintained hospital. it can be one of the best hospitals if this could run by any private organization.
United Christian Hospital,3,Good hospital for Christian community and as well for Pakistani,good hospital for christian community and as well for pakistani
United Christian Hospital,3,Some time it was best hospital in town.  But managment made it worst. Now it is growing again. Doctors are good. but more attention is required to bring it again at top level.,some time it was best hospital in town. but managment made it worst. now it is growing again. doctors are good. but more attention is required to bring it again at top level.
United Christian Hospital,5,Used to be the best hospital around,used to be the best hospital around
United Christian Hospital,2,Need major renovation and up gradation,need major renovation and up gradation
United Christian Hospital,5,In collaboration with the Forman Christian College this hospital take good care of patient.........,in collaboration with the forman christian college this hospital take good care of patient.........
United Christian Hospital,5,My uncle is administrator in uch,my uncle is administrator in uch
Mayo Hospital,5,"Environment is good... clean especially emergency, surgical tower and gynecology portion....staff behavior, doctor behavior, Despenser, lab attendant everyone is very corporative, respectful and kind to general public. I always prefer to go here as I trust the doctors here.","environment is good... clean especially emergency, surgical tower and gynecology portion....staff behavior, doctor behavior, despenser, lab attendant everyone is very corporative, respectful and kind to general public. i always prefer to go here as i trust the doctors here."
Mayo Hospital,5,Largest hospital of Pakistan.  One of the largest of Asia.  Turn over of thousands of patients daily.  Highly qualified & talented doctors.,largest hospital of pakistan. one of the largest of asia. turn over of thousands of patients daily. highly qualified talented doctors.
Mayo Hospital,4,Done LAR I had adenocarcinoma of rectum.,done lar i had adenocarcinoma of rectum.
Mayo Hospital,5,Good if you need free consultation,good if you need free consultation
Mayo Hospital,5,This is very good plase to helth,this is very good plase to helth
Mayo Hospital,1,"Worst Experience unprofessional behavior i visited this hospital for my eys issue first you have to wait for slip then wait for doctor just to write ""Room 06"" then wait in line to go in room 06 then doctor just write Room 07 then room 02 , 07 then again 02 after all the hurdles you just go to your home 😂 and the final doctor will say we didn't have these equipments please go any other hospital we have revamp here","worst experience unprofessional behavior i visited this hospital for my eys issue first you have to wait for slip then wait for doctor just to write ""room 06"" then wait in line to go in room 06 then doctor just write room 07 then room 02 , 07 then again 02 after all the hurdles you just go to your home and the final doctor will say we didn't have these equipments please go any other hospital we have revamp here"
Mayo Hospital,1,Not satisfying long wait and heavy rush,not satisfying long wait and heavy rush
Mayo Hospital,5,"I got to visit the orthopedic opd of Mayo , there I met the Head of the Orthopedic Ward , Dr Mumraiz Naqshband (sports surgeon) and to my amazement what a down to earth doctor he was even though He was the head of the orthopedic ward but still he treated patients in Government hospital OPD like it was his clinic, Wondering how will he treat people in his Clinic. A really humble and Polite doctor .
Thank you for existing Sir.","i got to visit the orthopedic opd of mayo , there i met the head of the orthopedic ward , dr mumraiz naqshband sports surgeon and to my amazement what a down to earth doctor he was even though he was the head of the orthopedic ward but still he treated patients in government hospital opd like it was his clinic, wondering how will he treat people in his clinic. a really humble and polite doctor . thank you for existing sir."
Mayo Hospital,3,No sitting arrangement for waiting patients less space,no sitting arrangement for waiting patients less space
Mayo Hospital,1,"A very bad dealing in every department opd in this hospital. Govt should check staff.
Then always busy with their cell phones and didn't take serious any patient even with critical condition.
Just wrote a single tab and come after 3 to 6 months. Didn't suggest any relevant testing.
Specially in Neuro dept.",a very bad dealing in every department opd in this hospital. govt should check staff. then always busy with their cell phones and didn't take serious any patient even with critical condition. just wrote a single tab and come after 3 to 6 months. didn't suggest any relevant testing. specially in neuro dept.
Mayo Hospital,3,"Government should take serious action against those doctors who ever present but not performing their jobs in accordence to the public requirement,i think they not known about the pain of such people they wait alot but all in vain......","government should take serious action against those doctors who ever present but not performing their jobs in accordence to the public requirement,i think they not known about the pain of such people they wait alot but all in vain......"
Mayo Hospital,4,Excellent care dealing in emergency situation,excellent care dealing in emergency situation
Mayo Hospital,5,Good facility nd environment doctors are 24hoursvavilble,good facility nd environment doctors are 24hoursvavilble
Mayo Hospital,4,All lunda brands at cheap rates,all lunda brands at cheap rates
Mayo Hospital,5,It's best economical hospital in Lahore,it's best economical hospital in lahore
Mayo Hospital,5,Pakistan's biggest hospital and healthcare center,pakistan's biggest hospital and healthcare center
Mayo Hospital,5,Mayo hospital medical store around about,mayo hospital medical store around about
Mayo Hospital,4,"Its not that clean place, This can be organized, cleaned, and managed more","its not that clean place, this can be organized, cleaned, and managed more"
Mayo Hospital,4,A public health care center where modern surgery is also available,a public health care center where modern surgery is also available
Mayo Hospital,1,Very disappointing ... Thousands of patients were there but the service was very bad,very disappointing ... thousands of patients were there but the service was very bad
Mayo Hospital,1,"Not good. All doctor and narses not be coprate with patients
So I request plzzzz action on it",not good. all doctor and narses not be coprate with patients so i request plzzzz action on it
Mayo Hospital,4,"Rushy, but good as compared to other Government hospitals","rushy, but good as compared to other government hospitals"
Mayo Hospital,5,"Mayo Hospital is a hospital in lahore located on Mayo Hospital Road. Mayo Hospital is situated nearby to Anarkali Bazaar and Lohari Gate.
Mayo Hospital is the oldest and largest hospital of the country, serving the humanity since 1871. Mayo Hospital was completed in 1870 and it started patient care in 1871. It was named after the Earl of Mayo, the then Viceroy and the Governor General of India
The main building of the hospital is one of the oldest buildings of British Era in Pakistan.","mayo hospital is a hospital in lahore located on mayo hospital road. mayo hospital is situated nearby to anarkali bazaar and lohari gate. mayo hospital is the oldest and largest hospital of the country, serving the humanity since 1871. mayo hospital was completed in 1870 and it started patient care in 1871. it was named after the earl of mayo, the then viceroy and the governor general of india the main building of the hospital is one of the oldest buildings of british era in pakistan."
Mayo Hospital,5,This is the hub of aria.,this is the hub of aria.
Mayo Hospital,3,Waiting area and parking area are need to improve,waiting area and parking area are need to improve
Mayo Hospital,1,"I don't know their problem jo call ka respond krna zaruri nai smjhte
Call jb operator forwarding krta ha skin wale me, that staff over there fir attending calls too much bad. They just say hello and drop the call, have no humanity","i don't know their problem jo call ka respond krna zaruri nai smjhte call jb operator forwarding krta ha skin wale me, that staff over there fir attending calls too much bad. they just say hello and drop the call, have no humanity"
Mayo Hospital,4,"Surgical Tower Mayo Hospital yesterday. It was a great experience. The whole tower looks like a private hospital. Cleanliness 5/5, wards condition and environment 5/5,  paramedic staff is also very cooperative unlike government hospitals. Single patient on single bed. Ni doubling. One monitor for 2 neighboring patients. Oxygen and suction machine is available with each bed. Each ward has a kitchen with fridge, microwave, nice stove, a kettle, water glasses and cups for patient. Medicine is available in the ward. The only trouble you may face is that you cant wander in corridors without purpose. Only one attendant can stay with patient in visiting hours only. Overall this part of hospital is unmatchable with the rest of the hospital.","surgical tower mayo hospital yesterday. it was a great experience. the whole tower looks like a private hospital. cleanliness 55, wards condition and environment 55, paramedic staff is also very cooperative unlike government hospitals. single patient on single bed. ni doubling. one monitor for 2 neighboring patients. oxygen and suction machine is available with each bed. each ward has a kitchen with fridge, microwave, nice stove, a kettle, water glasses and cups for patient. medicine is available in the ward. the only trouble you may face is that you cant wander in corridors without purpose. only one attendant can stay with patient in visiting hours only. overall this part of hospital is unmatchable with the rest of the hospital."
Mayo Hospital,5,Fast service good doctor behavior every minute patient coming free medicine and treatment,fast service good doctor behavior every minute patient coming free medicine and treatment
Mayo Hospital,1,"Worst medical facility ever in my life.
In 3 words: Filthy, non-cooperative and outdated.","worst medical facility ever in my life. in 3 words filthy, non-cooperative and outdated."
Mayo Hospital,5,It is on of the most famous hospital of lahore.,it is on of the most famous hospital of lahore.
Mayo Hospital,5,24/7 service available here for food and medication.,247 service available here for food and medication.
Mayo Hospital,4,One is best Government hospitals in Lahore.,one is best government hospitals in lahore.
Mayo Hospital,2,No system.just can buy services on cheep prices than a private clinic,no system.just can buy services on cheep prices than a private clinic
Mayo Hospital,3,Went to buy Medicine for my child but not found. I think they trade some fixed medicine.,went to buy medicine for my child but not found. i think they trade some fixed medicine.
Mayo Hospital,5,First time Mayo Hospital OPD. A good hospital and has good Parking. I am sharing my review about Parking. Charge 200 fee but you feel secure.,first time mayo hospital opd. a good hospital and has good parking. i am sharing my review about parking. charge 200 fee but you feel secure.
Mayo Hospital,3,Conjusted and over crowded chowk but near to Inside Lahore,conjusted and over crowded chowk but near to inside lahore
Mayo Hospital,3,Its good but a long line is always there.,its good but a long line is always there.
Mayo Hospital,5,"Great opportunity for people
Well educated doctors
Staff completely cooperative and caring",great opportunity for people well educated doctors staff completely cooperative and caring
Mayo Hospital,1,Extremely rushy area with no parking at all.. water accumulated on the road causing great hindrance to traffic...,extremely rushy area with no parking at all.. water accumulated on the road causing great hindrance to traffic...
Mayo Hospital,5,Mayo hospital 🏥 is good in emergency patient.some doctor's are very cooperative and some are very irresponsible.,mayo hospital is good in emergency patient.some doctor's are very cooperative and some are very irresponsible.
Mayo Hospital,1,"Pathetic behavior worst experience ever the people who were with admitted patients were crying and said ""Allah na kry kisi ko yahan ana pry"" just Dr Asif Chandiya from liver clinic is only best dr with very good behavior and trear his patient like human","pathetic behavior worst experience ever the people who were with admitted patients were crying and said ""allah na kry kisi ko yahan ana pry"" just dr asif chandiya from liver clinic is only best dr with very good behavior and trear his patient like human"
Mayo Hospital,5,Visited low vision clinic for my mother. The patience of doctors was commendable. It took my mother about an hour to find out the suitable glasses. But the doctors gave her full attention. Highly recommended.,visited low vision clinic for my mother. the patience of doctors was commendable. it took my mother about an hour to find out the suitable glasses. but the doctors gave her full attention. highly recommended.
Mayo Hospital,1,"Don't visit this hospital until or unless there is no other option left. They treat the patients like animals. Everyday a new person, most probably a student not a doctor, will come to you and ask for the patient's history and start experimenting as if your loved ones are an experiment material for them. Wards are more dirty than you can imagine. I will personally not recommend this hospital to anyone.","don't visit this hospital until or unless there is no other option left. they treat the patients like animals. everyday a new person, most probably a student not a doctor, will come to you and ask for the patient's history and start experimenting as if your loved ones are an experiment material for them. wards are more dirty than you can imagine. i will personally not recommend this hospital to anyone."
Mayo Hospital,3,Road conditions is too much bad and parking issues are also,road conditions is too much bad and parking issues are also
Mayo Hospital,5,All medical instruments available here are in good quality and reasonable price.,all medical instruments available here are in good quality and reasonable price.
Mayo Hospital,1,"one of the worst hospital of Lahore, infact filthy word for emergency is better. The doctors are like butchers they don't bother how serious is the patient, most of them are young doctors who do experiments on patients and all the time busy chating on mobiles or with their fellow nurses. the most pathetic place. Govt. should take some action against these butchers.","one of the worst hospital of lahore, infact filthy word for emergency is better. the doctors are like butchers they don't bother how serious is the patient, most of them are young doctors who do experiments on patients and all the time busy chating on mobiles or with their fellow nurses. the most pathetic place. govt. should take some action against these butchers."
Mayo Hospital,4,Availability of Medical and surgical equipment,availability of medical and surgical equipment
Mayo Hospital,5,Great experience to visit MAYO hospital Lahore.,great experience to visit mayo hospital lahore.
Mayo Hospital,3,"Over all good,but not very good","over all good,but not very good"
Mayo Hospital,5,Legends have legendary destinations always. Masha Allah,legends have legendary destinations always. masha allah
Mayo Hospital,4,This place is helpful for those who want to purchase medicines clothes fruites and Food item's,this place is helpful for those who want to purchase medicines clothes fruites and food item's
Mayo Hospital,5,A hestorical building and hestorical medical facilities are available here. It is no less than heaven for poor patients,a hestorical building and hestorical medical facilities are available here. it is no less than heaven for poor patients
Mayo Hospital,2,Very crowded area.tuff driving for four tyres wheels.,very crowded area.tuff driving for four tyres wheels.
Mayo Hospital,5,"There is Asia's largest hospital and lots of pharmacies. Lower and middle class families can buy different things from the famous ""Landa Bazar"".","there is asia's largest hospital and lots of pharmacies. lower and middle class families can buy different things from the famous ""landa bazar""."
Mayo Hospital,5,Everything is good in Mayo hospital specially Surgical tower is best department in which patients treats like private hospital,everything is good in mayo hospital specially surgical tower is best department in which patients treats like private hospital
Mayo Hospital,1,"This place is the flithiest place ever i have seen
The management is pathetic and patients are treated like cats and dogs there
And also there was no one at the reception.",this place is the flithiest place ever i have seen the management is pathetic and patients are treated like cats and dogs there and also there was no one at the reception.
Mayo Hospital,5,A Biggest Govt. Hospital in Lahore.,a biggest govt. hospital in lahore.
Mayo Hospital,5,I found a medicine which nobody had .,i found a medicine which nobody had .
Mayo Hospital,4,"Rushy area, traffic jam, best place to buy Landa","rushy area, traffic jam, best place to buy landa"
Mayo Hospital,5,So caring so nice it's Allah's gift for patients,so caring so nice it's allah's gift for patients
Mayo Hospital,3,Too much crowd no discipline staff behaviour very rude.,too much crowd no discipline staff behaviour very rude.
Mayo Hospital,5,Best place for madical equipment and medicine on discout.,best place for madical equipment and medicine on discout.
Mayo Hospital,4,Government public health care center best emergency room,government public health care center best emergency room
Mayo Hospital,5,All the best for Dr. Basil,all the best for dr. basil
Mayo Hospital,5,"No doubt its oldest & biggest hospital
But 1 thing is that every 1 trying to make money
From parking staff to nursing..
Entry Token was given on entry point of Rs 20 printed on it
I was demanded to pay Rs 50.",no doubt its oldest biggest hospital but 1 thing is that every 1 trying to make money from parking staff to nursing.. entry token was given on entry point of rs 20 printed on it i was demanded to pay rs 50.
Mayo Hospital,5,24/7 Open for all types of emergencies,247 open for all types of emergencies
Mayo Hospital,4,Moye hospital chowk background of moy hospital,moye hospital chowk background of moy hospital
Mayo Hospital,5,Good market about meducine & Old clothes.,good market about meducine old clothes.
Mayo Hospital,4,"Alothave improved,  providing best services in government sector","alothave improved, providing best services in government sector"
Mayo Hospital,2,Crowded place with several medical stores and a government hospital,crowded place with several medical stores and a government hospital
Mayo Hospital,3,"A place where quality medicines available at different medical stores. Also known for purchasing used imported clothes, bags, jackets, shoes, undergarments etc. in good quality.(Landa)","a place where quality medicines available at different medical stores. also known for purchasing used imported clothes, bags, jackets, shoes, undergarments etc. in good quality.landa"
Mayo Hospital,2,He didn't had the medicine i demanded,he didn't had the medicine i demanded
Mayo Hospital,3,Local government should take necessary measures to improve parking and other facilities here,local government should take necessary measures to improve parking and other facilities here
Mayo Hospital,4,So busy chowk & available all types of transportation,so busy chowk available all types of transportation
Mayo Hospital,5,One of the biggest hospital in Pakistan all facilities are available,one of the biggest hospital in pakistan all facilities are available
Mayo Hospital,4,Ways to Hall Road & Mall Road,ways to hall road mall road
Mayo Hospital,4,"the biggest hospital of Pakistan.
But facilities are not enough.
I think the management is always run shot of budget.",the biggest hospital of pakistan. but facilities are not enough. i think the management is always run shot of budget.
Mayo Hospital,5,AL-BARI medico is nomber 1 medicines,al-bari medico is nomber 1 medicines
Mayo Hospital,5,Mayo Hospital is one of the biggest hospital in world. It has huge number of departments,mayo hospital is one of the biggest hospital in world. it has huge number of departments
Mayo Hospital,4,"My Mother is a Patient of ILD.so we move from Gulab devi to Mayo Hospital TB ward.Dr Khubaib is the one who listened everything red all the Medical history of my Mother.he is very Cooperative and kind heart person.Really love his job and care about their Patients.

⚠️But the only thing that i don't like is the staff of this hospital they have no Manners to speak with anyone.even their is a Token machine but due to negligence of the staff.it never works properly.after that their is a huge crowd gathered around door saying that it's my turn it's my turn.even they have tokens in their hands but still everything goes out of control and a visit to hospital for 2 hours takes 4-5 hours.
Please resolve this.",my mother is a patient of ild.so we move from gulab devi to mayo hospital tb ward.dr khubaib is the one who listened everything red all the medical history of my mother.he is very cooperative and kind heart person.really love his job and care about their patients. but the only thing that i don't like is the staff of this hospital they have no manners to speak with anyone.even their is a token machine but due to negligence of the staff.it never works properly.after that their is a huge crowd gathered around door saying that it's my turn it's my turn.even they have tokens in their hands but still everything goes out of control and a visit to hospital for 2 hours takes 4-5 hours. please resolve this.
Mayo Hospital,5,It is a public hospital near anarkali . Free remedial services and medications are here .,it is a public hospital near anarkali . free remedial services and medications are here .
Mayo Hospital,4,"Centre point for food lovers, goods services, pre-loved market, camera market etc.","centre point for food lovers, goods services, pre-loved market, camera market etc."
Mayo Hospital,4,"More than 14 Nos  of pharmacies and blood testing lab here ...
it is a very helpful place during treatment in Mayo Hospital and for purchasing of medicines ...",more than 14 nos of pharmacies and blood testing lab here ... it is a very helpful place during treatment in mayo hospital and for purchasing of medicines ...
Mayo Hospital,4,"Its one of the biggest hospital in Asia , and offers good services","its one of the biggest hospital in asia , and offers good services"
Mayo Hospital,5,Mayo hospital is good place for all kind of patient,mayo hospital is good place for all kind of patient
Mayo Hospital,1,"Poor staff coordination, I spend only 30 minutes to make the slip for doctor,
Every 5 minutes the opd slip maker go anywhere and we start to wait for him,
Kick him off from work this job.","poor staff coordination, i spend only 30 minutes to make the slip for doctor, every 5 minutes the opd slip maker go anywhere and we start to wait for him, kick him off from work this job."
Mayo Hospital,4,Good spot for purchasing medicine and medical equipments.,good spot for purchasing medicine and medical equipments.
Mayo Hospital,5,"Chock have many road links
Toward shalmi
Toward Anarkali
Toward gawalmandi and nisbat road",chock have many road links toward shalmi toward anarkali toward gawalmandi and nisbat road
Mayo Hospital,4,Lots of medical stores and sample collection centers.,lots of medical stores and sample collection centers.
Mayo Hospital,5,Crowded place. Medical shops and Laboratories are there. Homeopathic Medicine shops are also avaiable.,crowded place. medical shops and laboratories are there. homeopathic medicine shops are also avaiable.
Mayo Hospital,1,"Tooo much rushy Area

No discipline at All",tooo much rushy area no discipline at all
Mayo Hospital,3,Best Hospital but unprofessional staff and pharmacy people are selling the medicine on high rates.,best hospital but unprofessional staff and pharmacy people are selling the medicine on high rates.
Mayo Hospital,4,A place for medicine and surgical items,a place for medicine and surgical items
Mayo Hospital,5,It has all type of medicine,it has all type of medicine
Mayo Hospital,5,Very crowdy road don't go with your car..,very crowdy road don't go with your car..
Mayo Hospital,2,"It's too busy, crowded and rushing area, please avoid this area (route) unless you have something very important to visit there, or manage your time and visit before 10 Am.","it's too busy, crowded and rushing area, please avoid this area route unless you have something very important to visit there, or manage your time and visit before 10 am."
Mayo Hospital,3,Mubashar Medical is good others are Fraudies,mubashar medical is good others are fraudies
Mayo Hospital,3,"I was rushy, crowded but nice cultural place.","i was rushy, crowded but nice cultural place."
Mayo Hospital,5,Such a busiest place in town outside of Mayo Hospital Lahore. There are many pharmacy businesses in surrounding.,such a busiest place in town outside of mayo hospital lahore. there are many pharmacy businesses in surrounding.
Mayo Hospital,5,Mayo Hospital is the government hospital which have the biggest hospital of asia.all treatment is here of any patient dignosis.,mayo hospital is the government hospital which have the biggest hospital of asia.all treatment is here of any patient dignosis.
Mayo Hospital,4,Best place for shopping of medical products,best place for shopping of medical products
Mayo Hospital,5,V rushy chowk.. line of medical stores.. and mayo hospital 2nd hand cloth shoes socks toys market here too,v rushy chowk.. line of medical stores.. and mayo hospital 2nd hand cloth shoes socks toys market here too
Mayo Hospital,5,"Best option for medicine ,   homeo medicine and un stiched clath","best option for medicine , homeo medicine and un stiched clath"
Mayo Hospital,4,Doctors are very coorporative. Ambiance is very clean.,doctors are very coorporative. ambiance is very clean.
Mayo Hospital,2,I think the hospital needs some educated persons to handle the people's feeling. Because in the Mayo Hospital the staff is too rood and they just show their reality. Very Bad,i think the hospital needs some educated persons to handle the people's feeling. because in the mayo hospital the staff is too rood and they just show their reality. very bad
Mayo Hospital,5,Sargical sa related har chez available ha,sargical sa related har chez available ha
Mayo Hospital,5,"You can find any medicines
And lundy ka mall🤣🤣",you can find any medicines and lundy ka mall
Mayo Hospital,1,Busy chownk dont go there on car,busy chownk dont go there on car
Mayo Hospital,5,"Mayo hospital situated at the heart of lahore, vast area, need some improvements","mayo hospital situated at the heart of lahore, vast area, need some improvements"
Mayo Hospital,1,Very rushy and dusty area here you could find surgical instruments imported clothes (used) and short way to shah slam market no entry 🚫 for 🚑 vehicles in hospital you must use gate 2 or 1for  MYO hospital,very rushy and dusty area here you could find surgical instruments imported clothes used and short way to shah slam market no entry for vehicles in hospital you must use gate 2 or 1for myo hospital
Mayo Hospital,5,It's good and too much crowded,it's good and too much crowded
Mayo Hospital,4,Many Historical markets round about this,many historical markets round about this
Mayo Hospital,4,Medical store. What van I say more,medical store. what van i say more
Mayo Hospital,5,All medicine which are not available in city can find here.,all medicine which are not available in city can find here.
Mayo Hospital,5,Good manner person of owner medico.,good manner person of owner medico.
Mayo Hospital,5,Good place for medicines. Every type of medicine is available there.,good place for medicines. every type of medicine is available there.
Mayo Hospital,5,Here available 24 hours all medicines & surgical items,here available 24 hours all medicines surgical items
Mayo Hospital,1,Don't go there they don't give attention to patient,don't go there they don't give attention to patient
Mayo Hospital,4,"All medicine available in this area, which you can't get from Posh areas / big pharmacies.","all medicine available in this area, which you can't get from posh areas big pharmacies."
Mayo Hospital,5,Hospital can provide help for many likes,hospital can provide help for many likes
Mayo Hospital,5,Very sincere staff and hole doctors and nurses,very sincere staff and hole doctors and nurses
Mayo Hospital,3,Bazaar is full of rush. A big crowd of people.,bazaar is full of rush. a big crowd of people.
Mayo Hospital,5,"1 no medicine here
This is chowk miyoo hospital.
Many shops r here.
But
Albari medicos is name of trust

This is Rashi area
Full of traffic almost every time",1 no medicine here this is chowk miyoo hospital. many shops r here. but albari medicos is name of trust this is rashi area full of traffic almost every time
Mayo Hospital,4,Very rushy area in day time n also present used items market called Landa bazar,very rushy area in day time n also present used items market called landa bazar
Mayo Hospital,1,So bad for people . Here mangment are so bad and lazy  . All of srvnt with M S  not good for job,so bad for people . here mangment are so bad and lazy . all of srvnt with m s not good for job
Mayo Hospital,5,"Doctors are well qualified and healthy environment.
Covid -19 test is free of cost While other laboratories are charging 6000/-.",doctors are well qualified and healthy environment. covid -19 test is free of cost while other laboratories are charging 6000-.
Mayo Hospital,5,You get quick response from staff here .. no waiting,you get quick response from staff here .. no waiting
Mayo Hospital,3,"All big medicine store pharmacy at one place , economical to purchase walking stick , disabled chair ,and patient supporting gadget and diagnostic DIY monitoring devices","all big medicine store pharmacy at one place , economical to purchase walking stick , disabled chair ,and patient supporting gadget and diagnostic diy monitoring devices"
Mayo Hospital,3,One of the best hospital. Very caring doctors but some of staff are rude careless and corrupt for example doctor fee for CT scan is 900 Rs but they will ask you for 1200 or 1800 Rs so always confirm fees before paying from related doctors. They also misguide and make you to make many useless rounds around the hospital even if patient is dying and if you came from very far place they won't care they will still misguide and make you to come again for some other day and they are also careless if someone is dying they won't care they will do what they do and some nurses are like a robot they will do same thing with everyone regardless of their situation and some are very nice and very helping.,one of the best hospital. very caring doctors but some of staff are rude careless and corrupt for example doctor fee for ct scan is 900 rs but they will ask you for 1200 or 1800 rs so always confirm fees before paying from related doctors. they also misguide and make you to make many useless rounds around the hospital even if patient is dying and if you came from very far place they won't care they will still misguide and make you to come again for some other day and they are also careless if someone is dying they won't care they will do what they do and some nurses are like a robot they will do same thing with everyone regardless of their situation and some are very nice and very helping.
Mayo Hospital,5,Good medical facilities with best patient wards.,good medical facilities with best patient wards.
Mayo Hospital,5,This government hospital provides you best quality in medical field... here  every poor and rich Person facilitates. Affordable and very cheap prices of medical tests.. who everyone can afford easily. You  will facilitate with best doctors and medical staff. Sometimes we see misbehaves from medical staff specially nurses.. government should take best measures for the betterment of all government hospitals .,this government hospital provides you best quality in medical field... here every poor and rich person facilitates. affordable and very cheap prices of medical tests.. who everyone can afford easily. you will facilitate with best doctors and medical staff. sometimes we see misbehaves from medical staff specially nurses.. government should take best measures for the betterment of all government hospitals .
Mayo Hospital,5,"Government Hospital Lahore very difficult to consult a Doctor of Government Hospital in Pakistan you have to spent whole day stand in lines and rude behavior of Nurses, security staff and even Doctors","government hospital lahore very difficult to consult a doctor of government hospital in pakistan you have to spent whole day stand in lines and rude behavior of nurses, security staff and even doctors"
Mayo Hospital,1,"No one can approach doctor easily. Just wait, wait and wait","no one can approach doctor easily. just wait, wait and wait"
Mayo Hospital,5,"Nice, safe and reliable in my opinino","nice, safe and reliable in my opinino"
Mayo Hospital,4,You can purchase medical / surgical equipment at discount prices as compare to local market.,you can purchase medical surgical equipment at discount prices as compare to local market.
Mayo Hospital,5,There is long used clothes marker alongside the outermost boundary wall of mayo hospital .......,there is long used clothes marker alongside the outermost boundary wall of mayo hospital .......
Mayo Hospital,1,Very dirty and pathetic hospital even doctors are not bothered abt patient's in critical condition,very dirty and pathetic hospital even doctors are not bothered abt patient's in critical condition
Mayo Hospital,5,One of the best hospital 🏥 of LAHORE. Very cooperative staff.,one of the best hospital of lahore. very cooperative staff.
Mayo Hospital,5,"Mayo Hospital is one of the oldest and biggest hospitals in Lahore, Punjab, Pakistan. King Edward Medical University, one of the oldest and most prestigious medical institutions in South Asia, is attached to Mayo Hospital. Mayo Hospital is located in the heart of Old Lahore, and provides free treatment to almost all admitted patients as part of a government policy. It also has many different ward's mainly centered around the Syed A route location.

The hospital building was completed in 1870 at a cost of Rs 150'000, 3 Annas 8 Paisas and it began operating in 1871. The hospital is named after then Viceroy of British India, ""Richard Bourke, 6th Earl of Mayo"" also locally known as Lord Mayo. This hospital was to serve need of 70'000 people of Punjab at that time. The hospital started with 3 specialties (General Medicine, General Surgery, Eye & Ent). The architecture of the hospital is Italian, designed by Pudon and engineered by Rai Bahadur Kanahya Lal, one of the leading architects of that time. However the architectural influence resembles medieval hospitals built during the Middle Ages. The additions between 1960 and early 1980 were designed by A. R. Hye. The main building of the hospital is one of the oldest buildings of British Era in Pakistan.

The hospital buildings were built in the following order:

Main Building of Mayo Hospital (Now inpatient department) in 1871
AVH (Private) Block in 1891
Out Patient Department in 1952
Pediatrics Ward in 1974
Institute of Ophthalmology in 1982
Accidents & Emergency Block & Pediatric Surgery Block (present) in 1984
Department of Physical Medicine and Rehabilitation in 2001
Surgical Tower in 2018

Physiotherapy and Manual therapy on both indoor and outdoor basis
Central Intensive Care Unit (ICU) with Central Oxygen and Suction System
Standard Coronary Care Unit (CCU) Facilities
Angiography, Angioplasty, Cardiac Bypass, Heart Valves Replacement and all sorts of Cardiac Operations and procedures
Radio Isotope Cardiology, Thallium Scan, Echocardiography
Spiral Computed Tomography, Color Doppler and Ultrasonography
Renal Transplantation and Renal Hemodialysis
Radiotherapy
Latest Physiotherapy Equipment, Rehabilitation Center and Orthopedic Workshop
Neuroangiography, Electromyography (EMG), Electroencephalography (EEG) and all kind of advanced Neurosurgical operations
Operations of Plastic Surgery and cosmetology (Lip Augmentation, Rhinoplasty)
Operations of Facio-maxillary, Jaw and Dental Surgery
All kinds of Orthopedic Operations
All kind of Eye and Otorhinolaryngology Operations
Surgical Operations of all kind for neonates, children, young and old patients
Radio Isotope Thyroid, Liver, Bone, Brain and other organs scanning, Hormonal Assays and Viral Markings
Speech & Language Therapy
24/7 Emergency Head & Spine Trauma
Dedicated Deep Brain Stimulation (DBS) Clinic
Complete State of the Art Neurosurgery Services including Functional Neurosurgery Services (DBS, SCS)
Pakistan's biggest, state of the art burn unit in surgical tower","mayo hospital is one of the oldest and biggest hospitals in lahore, punjab, pakistan. king edward medical university, one of the oldest and most prestigious medical institutions in south asia, is attached to mayo hospital. mayo hospital is located in the heart of old lahore, and provides free treatment to almost all admitted patients as part of a government policy. it also has many different ward's mainly centered around the syed a route location. the hospital building was completed in 1870 at a cost of rs 150'000, 3 annas 8 paisas and it began operating in 1871. the hospital is named after then viceroy of british india, ""richard bourke, 6th earl of mayo"" also locally known as lord mayo. this hospital was to serve need of 70'000 people of punjab at that time. the hospital started with 3 specialties general medicine, general surgery, eye ent. the architecture of the hospital is italian, designed by pudon and engineered by rai bahadur kanahya lal, one of the leading architects of that time. however the architectural influence resembles medieval hospitals built during the middle ages. the additions between 1960 and early 1980 were designed by a. r. hye. the main building of the hospital is one of the oldest buildings of british era in pakistan. the hospital buildings were built in the following order main building of mayo hospital now inpatient department in 1871 avh private block in 1891 out patient department in 1952 pediatrics ward in 1974 institute of ophthalmology in 1982 accidents emergency block pediatric surgery block present in 1984 department of physical medicine and rehabilitation in 2001 surgical tower in 2018 physiotherapy and manual therapy on both indoor and outdoor basis central intensive care unit icu with central oxygen and suction system standard coronary care unit ccu facilities angiography, angioplasty, cardiac bypass, heart valves replacement and all sorts of cardiac operations and procedures radio isotope cardiology, thallium scan, echocardiography spiral computed tomography, color doppler and ultrasonography renal transplantation and renal hemodialysis radiotherapy latest physiotherapy equipment, rehabilitation center and orthopedic workshop neuroangiography, electromyography emg, electroencephalography eeg and all kind of advanced neurosurgical operations operations of plastic surgery and cosmetology lip augmentation, rhinoplasty operations of facio-maxillary, jaw and dental surgery all kinds of orthopedic operations all kind of eye and otorhinolaryngology operations surgical operations of all kind for neonates, children, young and old patients radio isotope thyroid, liver, bone, brain and other organs scanning, hormonal assays and viral markings speech language therapy 247 emergency head spine trauma dedicated deep brain stimulation dbs clinic complete state of the art neurosurgery services including functional neurosurgery services dbs, scs pakistan's biggest, state of the art burn unit in surgical tower"
Mayo Hospital,5,A big medical facility for whole Punjab.,a big medical facility for whole punjab.
Mayo Hospital,5,Mayo hospital is very bigger and his service is very nice,mayo hospital is very bigger and his service is very nice
Mayo Hospital,5,Top country doctors are serving here,top country doctors are serving here
Mayo Hospital,5,Very helpful for me and staff is good.,very helpful for me and staff is good.
Mayo Hospital,1,"Bad Management, Doctors are very causal.
They don't take care of patients in good way  .

My Experience is very bad..
Corrupt staff...

If Attendant is very active then you can get all Services with request, request, request and request.....Lazy Doctors","bad management, doctors are very causal. they don't take care of patients in good way . my experience is very bad.. corrupt staff... if attendant is very active then you can get all services with request, request, request and request.....lazy doctors"
Mayo Hospital,5,Blood bank mayo hospital good service,blood bank mayo hospital good service
Mayo Hospital,1,Staff is very insolent. Their behavior is very rude to patients.,staff is very insolent. their behavior is very rude to patients.
Mayo Hospital,5,New block reading room is love. It's the best place ever.,new block reading room is love. it's the best place ever.
Mayo Hospital,3,This is good but it's will be very good the staff is coperative but some time they miss behave,this is good but it's will be very good the staff is coperative but some time they miss behave
Mayo Hospital,4,Possibly one of the better maintained government hospitals,possibly one of the better maintained government hospitals
Mayo Hospital,5,"The greatest hospital Of South Asia located in the heart  of Lahore(Anarkali).
A hospital with advanced medical facilities.",the greatest hospital of south asia located in the heart of lahoreanarkali. a hospital with advanced medical facilities.
Mayo Hospital,4,Brilliant services - but general hospital is better of you are coming for brain issues,brilliant services - but general hospital is better of you are coming for brain issues
Mayo Hospital,5,A well known mayo hospital Chowk which has different medical stores and surgical stores. Here is also a market of Homoeopathic medicines and also here is Old historical food street which is very well known for its taste and popularity. On the back side of this Chowk there is Bamboo market  and Cloth market. Here is also printing press market where we can make marriage cards and on the other side there is photo studio market. A well known and historical mayo hospital Chowk.,a well known mayo hospital chowk which has different medical stores and surgical stores. here is also a market of homoeopathic medicines and also here is old historical food street which is very well known for its taste and popularity. on the back side of this chowk there is bamboo market and cloth market. here is also printing press market where we can make marriage cards and on the other side there is photo studio market. a well known and historical mayo hospital chowk.
Mayo Hospital,5,I like very much staff and doctors whose works here.,i like very much staff and doctors whose works here.
Mayo Hospital,1,Not fit for corona virus patient. Stay away from government hospitals.,not fit for corona virus patient. stay away from government hospitals.
Mayo Hospital,5,"Most popular location for walled city residents.Mayo Hospital  Gate No.1 Chowk Mayo Hospital  was the only entrance. Which is now permanently closed and entrance is from Nila Gumbad and Emergency Gate No.3. Here is many pharmacies, Surgical store and Landa Bazar. It also gateway to Mayo Hospital Road cloth market and Baans Bazar. Also popular for its special variety of foods and fruits venders.","most popular location for walled city residents.mayo hospital gate no.1 chowk mayo hospital was the only entrance. which is now permanently closed and entrance is from nila gumbad and emergency gate no.3. here is many pharmacies, surgical store and landa bazar. it also gateway to mayo hospital road cloth market and baans bazar. also popular for its special variety of foods and fruits venders."
Mayo Hospital,5,Mayo hospital is very good for poor patients,mayo hospital is very good for poor patients
Mayo Hospital,5,"Very good condition and good take care of patients.. Nurses are little bit rude.
Over all good one hospital",very good condition and good take care of patients.. nurses are little bit rude. over all good one hospital
Mayo Hospital,5,Its a Very big hospital.all specialist is working here.they have emergency ward also,its a very big hospital.all specialist is working here.they have emergency ward also
Mayo Hospital,5,Reliable quick and qualified Doctors faculty available specialy in hospital emergency.,reliable quick and qualified doctors faculty available specialy in hospital emergency.
Mayo Hospital,4,"good hsp, good treatment facilities and a good staff","good hsp, good treatment facilities and a good staff"
Mayo Hospital,5,Largest And One The Huge Medical Teaching Hospital In Lahore,largest and one the huge medical teaching hospital in lahore
Mayo Hospital,4,Covering large area. It's a government hospital.free of cost means all of the treatment is free. In most cases. I found mostly lower class people there means Poor once. Even I found really good management. But problem is there is no proper space for those patients relatives who comes outside of Lahore.,covering large area. it's a government hospital.free of cost means all of the treatment is free. in most cases. i found mostly lower class people there means poor once. even i found really good management. but problem is there is no proper space for those patients relatives who comes outside of lahore.
Mayo Hospital,3,Although it is one of the oldest and best government hospitals in the country but it is not well maintained. It needs renovation and proper maintenance. It does have all the latest equipment and facilities. Doctors are also well trained and talented. But it has the same common problem of longer queues of patients. So one should visit early in the morning for checkups.,although it is one of the oldest and best government hospitals in the country but it is not well maintained. it needs renovation and proper maintenance. it does have all the latest equipment and facilities. doctors are also well trained and talented. but it has the same common problem of longer queues of patients. so one should visit early in the morning for checkups.
Mayo Hospital,1,"I was unable to park my car although i paid parking fee, corrupt MS and all management, requesting to authorities to please take serious action on it. Anyone car park his car wherever after he pay some black mony to security guard. Sham on you dear MS. (کسی کتی کا بچہ)","i was unable to park my car although i paid parking fee, corrupt ms and all management, requesting to authorities to please take serious action on it. anyone car park his car wherever after he pay some black mony to security guard. sham on you dear ms."
Mayo Hospital,5,One of the best and oldest government hospital in Lahore. Very economical charges,one of the best and oldest government hospital in lahore. very economical charges
Mayo Hospital,4,Mayo hospital is historically hospital so much people come here and get it owen treatment here,mayo hospital is historically hospital so much people come here and get it owen treatment here
Mayo Hospital,4,"The hospital building was completed in 1870 at a cost of Rs 150'000, 3 Annas 8 Paisas and it began operating in 1871. The hospital is named after then Viceroy of British India, ""Richard Bourke, 6th Earl of Mayo"" also locally known as Lord Mayo. This hospital was to serve need of 70'000 people of Punjab at that time. The hospital started with 3 specialties (General Medicine, General Surgery, Eye & Ent). The architecture of the hospital is Italian, designed by Pudon and engineered by Rai Bahadur Kanahya Lal, one of the leading architects of that time. However the architectural influence resembles medieval hospitals built during the Middle Ages. The additions between 1960 and early 1980 were designed by A. R. Hye. The main building of the hospital is one of the oldest buildings of British Era in Pakistan.
Mayo Hospital is one of the oldest and biggest hospitals in Lahore, Punjab, Pakistan. King Edward Medical University, one of the oldest and most prestigious medical institutions in South Asia, is attached to Mayo Hospital. Mayo Hospital is located in the heart of Old Lahore, and provides free treatment to almost all admitted patients as part of a government policy.","the hospital building was completed in 1870 at a cost of rs 150'000, 3 annas 8 paisas and it began operating in 1871. the hospital is named after then viceroy of british india, ""richard bourke, 6th earl of mayo"" also locally known as lord mayo. this hospital was to serve need of 70'000 people of punjab at that time. the hospital started with 3 specialties general medicine, general surgery, eye ent. the architecture of the hospital is italian, designed by pudon and engineered by rai bahadur kanahya lal, one of the leading architects of that time. however the architectural influence resembles medieval hospitals built during the middle ages. the additions between 1960 and early 1980 were designed by a. r. hye. the main building of the hospital is one of the oldest buildings of british era in pakistan. mayo hospital is one of the oldest and biggest hospitals in lahore, punjab, pakistan. king edward medical university, one of the oldest and most prestigious medical institutions in south asia, is attached to mayo hospital. mayo hospital is located in the heart of old lahore, and provides free treatment to almost all admitted patients as part of a government policy."
Mayo Hospital,4,hospital is good. Many departments available here but only few staff members are co operative.,hospital is good. many departments available here but only few staff members are co operative.
Mayo Hospital,5,"One of the oldest hospital in the Lahore. I visited this hospital Skin Outdoor. Doctors in Skin outdoor only checks on the following day of week.
1- Monday
2- Wednesday
3- Friday
You can visit the skin outdoor in above mentioned day from 9:00 AM - 12:00 PM to consult the skin specialist. Skin outdoor is situated near the Gate number 3 (near to main emergency) of Mayo Hospital.
Doctor examined the skins and diagnosed very well. Skin outdoor was not too much crowded. I went there at 10:00 am and got my turn immediate.",one of the oldest hospital in the lahore. i visited this hospital skin outdoor. doctors in skin outdoor only checks on the following day of week. 1- monday 2- wednesday 3- friday you can visit the skin outdoor in above mentioned day from 900 am - 1200 pm to consult the skin specialist. skin outdoor is situated near the gate number 3 near to main emergency of mayo hospital. doctor examined the skins and diagnosed very well. skin outdoor was not too much crowded. i went there at 1000 am and got my turn immediate.
Mayo Hospital,1,I found no parking all available parking was full.Staff didn't help me and guide instead they are incompetent. I came to know MS has illegally gave contract to these parking contractor and in return they have provided staff for MS residence.. Curruption in parking contract,i found no parking all available parking was full.staff didn't help me and guide instead they are incompetent. i came to know ms has illegally gave contract to these parking contractor and in return they have provided staff for ms residence.. curruption in parking contract
Mayo Hospital,2,Very bad services in this hospital...I've been with a patient for 2 months...,very bad services in this hospital...i've been with a patient for 2 months...
Mayo Hospital,4,It is biggest hospital of Pakistan located in the heart of lahore city . The treatment in the hospital is the best simply .It is almost free for everyone for faint diseases and in severe cases also almost free as compared to the private health care facilities in Pakistan.I would say in any medical emergency you should go to the Mayo hospital.,it is biggest hospital of pakistan located in the heart of lahore city . the treatment in the hospital is the best simply .it is almost free for everyone for faint diseases and in severe cases also almost free as compared to the private health care facilities in pakistan.i would say in any medical emergency you should go to the mayo hospital.
Mayo Hospital,4,One of the oldest hospital in Lahore. Health services needs much improvements. Hence it is attached with King Edward Medical University but there are rear chances to find a specialist / Senior Doctor. Junior doctors do their best but some of them are not supportive.,one of the oldest hospital in lahore. health services needs much improvements. hence it is attached with king edward medical university but there are rear chances to find a specialist senior doctor. junior doctors do their best but some of them are not supportive.
Mayo Hospital,4,Back side of Surgical tower mayo hospital. Anarkali ward female,back side of surgical tower mayo hospital. anarkali ward female
Mayo Hospital,3,"Meo Hospital is govt hospital like all others.
Lack of facilities is a big problem....
Every employ has attitude to be a govt employ except some.
There is a lot of patient effected different type of diseas recovered here.
.............................................................................
My suggestion is that govt must take a descion to learn their employes a behaviour skills.
How to manage a criticle stiuation how to talk with the relitives of patient.
Which manners are required to talk with normal person and wich for patient.
Infact every employ of the hospital must be learn behaviour manner and attitude skills.
They say they are Doctor but actually they are not perform like a doctor.
If the behaviour (curreption,laziness,Harsh attitude etc) of all govt employs improved then our country will grow very fast.
..............................................................................","meo hospital is govt hospital like all others. lack of facilities is a big problem.... every employ has attitude to be a govt employ except some. there is a lot of patient effected different type of diseas recovered here. ............................................................................. my suggestion is that govt must take a descion to learn their employes a behaviour skills. how to manage a criticle stiuation how to talk with the relitives of patient. which manners are required to talk with normal person and wich for patient. infact every employ of the hospital must be learn behaviour manner and attitude skills. they say they are doctor but actually they are not perform like a doctor. if the behaviour curreption,laziness,harsh attitude etc of all govt employs improved then our country will grow very fast. .............................................................................."
Mayo Hospital,3,"I visted its Maxofcial Department with a patient a month ago and get serioulsy disappointed by the behaviour of their Medical & Pera-Medical staff as well as the lack of medicla facilities.
Their was no waitting hall/room for patinet. We  reached here  at 8 am but have to wait our turn untill 2 am becuse the doctor (professor)reached after  12 am.
After 6 hours of striving and tiresome wait, finally , when we were called for inspection we fell like win a 5 krore prize bond.
But I got shocked to see that that doctor have no gloves. In order to inspect the mouth of patient she use plastic bag insted. After using it(plastic bag), she through it under her table instead of putting it into basket ( because there was no basket at all).
The staff at sample collection lab was absolutely Unprofessional, ill-manneredand and rude.","i visted its maxofcial department with a patient a month ago and get serioulsy disappointed by the behaviour of their medical pera-medical staff as well as the lack of medicla facilities. their was no waitting hallroom for patinet. we reached here at 8 am but have to wait our turn untill 2 am becuse the doctor professorreached after 12 am. after 6 hours of striving and tiresome wait, finally , when we were called for inspection we fell like win a 5 krore prize bond. but i got shocked to see that that doctor have no gloves. in order to inspect the mouth of patient she use plastic bag insted. after using itplastic bag, she through it under her table instead of putting it into basket because there was no basket at all. the staff at sample collection lab was absolutely unprofessional, ill-manneredand and rude."
Mayo Hospital,5,"A Glorious and Historical Hospital
Hospital of The Nation and Proud to provide world's best Treatment...
My Own Hospital Where I Got Respect And My Job",a glorious and historical hospital hospital of the nation and proud to provide world's best treatment... my own hospital where i got respect and my job
Mayo Hospital,4,Mayo hospital is one of the most old and historic hospital of pakistan some people think that it's one of largest hospital in Asia,mayo hospital is one of the most old and historic hospital of pakistan some people think that it's one of largest hospital in asia
Mayo Hospital,2,I didn't found any senior doctor whenever i went to hospital. Zero satisfaction,i didn't found any senior doctor whenever i went to hospital. zero satisfaction
Mayo Hospital,5,Mayo hospital is the biggest hospital in Lahor,mayo hospital is the biggest hospital in lahor
Mayo Hospital,4,"Hospital is one of the historic hospitals of the city and is attached with the prestigious King Edward Medical College.
Located in the congested area near Anarkali & Neela Gunbad.
Parking is reasonably good.
Cleanliness and hygiene standards need massive attention.",hospital is one of the historic hospitals of the city and is attached with the prestigious king edward medical college. located in the congested area near anarkali neela gunbad. parking is reasonably good. cleanliness and hygiene standards need massive attention.
Mayo Hospital,5,"Mayo Hospital is the oldest and largest hospital of the country, serving the humanity since 1871.

Mayo Hospital was completed in 1870 and it started patient care in 1871. It was named after the Earl of Mayo, the then Viceroy and the Governor General of India.

Encompassing over 54.6 acres of land and the main building with boundary having 11 gates, the hospital is one of the largest hospitals in South East Asia and is a centre of excellence for public benefit. It had bed capacity of 300 beds on the Day of Independence (1947) but now is extended up to 2399 beds. The father of the nation, Quaid-e-Azam Muhammad Ali Jinnah also paid tribute to services rendered by this hospital on his visit to Mayo Hospital dated 19.03.1940.

Mayo Hospital is located in the heart of Lahore City and is surrounded by busy commercial and thickly populated residential areas with famous Anarkali Bazaar, Nila Gumbad, Gawalmandi and the Walled City of Old Lahore around it.

Earlier, after its construction in 1871, the Mayo Hospital was affiliated as a teaching hospital with the King Edward Medical College which came into being in 1860. The hospital was used to be managed by the Medical Superintendent under the administrative control of Government till 1999 when the whole setup was declared as Autonomous Medical Institution and the Mayo Hospital became Allied Hospital of King Edward Medical College. The Principal KEMC and the M.S. Mayo Hospital were placed under the administrative control of a newly created post of Chief Executive. In 2002, the Board of Governors took over the charge of the institution under PMHI Ordinance 2002, according to which the posts of Principal Executive Officer (PEO) / Dean and Deputy Dean were created. In the next year 2003, under another PMHI Ordinance 2003, the Board of Governors was replaced with the Board of Management under which Principal KEMC was declared Head of Institution consisting of KEMC & Mayo Hospital.","mayo hospital is the oldest and largest hospital of the country, serving the humanity since 1871. mayo hospital was completed in 1870 and it started patient care in 1871. it was named after the earl of mayo, the then viceroy and the governor general of india. encompassing over 54.6 acres of land and the main building with boundary having 11 gates, the hospital is one of the largest hospitals in south east asia and is a centre of excellence for public benefit. it had bed capacity of 300 beds on the day of independence 1947 but now is extended up to 2399 beds. the father of the nation, quaid-e-azam muhammad ali jinnah also paid tribute to services rendered by this hospital on his visit to mayo hospital dated 19.03.1940. mayo hospital is located in the heart of lahore city and is surrounded by busy commercial and thickly populated residential areas with famous anarkali bazaar, nila gumbad, gawalmandi and the walled city of old lahore around it. earlier, after its construction in 1871, the mayo hospital was affiliated as a teaching hospital with the king edward medical college which came into being in 1860. the hospital was used to be managed by the medical superintendent under the administrative control of government till 1999 when the whole setup was declared as autonomous medical institution and the mayo hospital became allied hospital of king edward medical college. the principal kemc and the m.s. mayo hospital were placed under the administrative control of a newly created post of chief executive. in 2002, the board of governors took over the charge of the institution under pmhi ordinance 2002, according to which the posts of principal executive officer peo dean and deputy dean were created. in the next year 2003, under another pmhi ordinance 2003, the board of governors was replaced with the board of management under which principal kemc was declared head of institution consisting of kemc mayo hospital."
Mayo Hospital,5,"The hospital building was completed in 1870 and it began operating in 1871. The hospital is named after thenViceroy of British India, ""Richard Bourke, 6th Earl of Mayo"" also locally known as Lord Mayo. The architecture of the hospital is Italian, designed by Pudon and engineered by Rai Bahadur Kanahya Lal, one of the leading architects of that time. However the architectural influence resembles medieval hospitals built during theMiddle Ages.[2] The additions between 1960 and early 1980 were designed byA. R. Hye.

The hospital buildings were built in the following order:

Main Building of Mayo Hospital (Now inpatient department) in 1871AVH (Private) Block in 1891Out Patient Department in 1952Pediatrics Ward in 1974Institute of Ophthalmology in 1982Accidents & Emergency Block & Pediatric Surgery Block (Present)in 1984Department of Physical Medicine and Rehabilitation in 2001Surgical Tower in 2018

Development is actively taking place and new buildings like the ""Surgical Tower"" are being built to meet patient demand.","the hospital building was completed in 1870 and it began operating in 1871. the hospital is named after thenviceroy of british india, ""richard bourke, 6th earl of mayo"" also locally known as lord mayo. the architecture of the hospital is italian, designed by pudon and engineered by rai bahadur kanahya lal, one of the leading architects of that time. however the architectural influence resembles medieval hospitals built during themiddle ages.2 the additions between 1960 and early 1980 were designed bya. r. hye. the hospital buildings were built in the following order main building of mayo hospital now inpatient department in 1871avh private block in 1891out patient department in 1952pediatrics ward in 1974institute of ophthalmology in 1982accidents emergency block pediatric surgery block presentin 1984department of physical medicine and rehabilitation in 2001surgical tower in 2018 development is actively taking place and new buildings like the ""surgical tower"" are being built to meet patient demand."
Mayo Hospital,5,New surgical ward is very neat & clean .,new surgical ward is very neat clean .
Mayo Hospital,3,Number of patients more than capacity. Poor management.,number of patients more than capacity. poor management.
Mayo Hospital,5,Good hospital.child emergency and ward very clean . and lookaftor very well,good hospital.child emergency and ward very clean . and lookaftor very well
Mayo Hospital,5,Their Good service towards patients is their secret of success,their good service towards patients is their secret of success
Mayo Hospital,4,This hospital OPD is now improved then earlier the facilities are much better token counters are in large numbers now and departments are also increased,this hospital opd is now improved then earlier the facilities are much better token counters are in large numbers now and departments are also increased
Mayo Hospital,5,"Mayo Hospital is one of the oldest and biggest hospitals in Lahore, Punjab, Pakistan.King Edward Medical University, one of the oldest and most prestigious medical institutions in the South Asia, is attached with Mayo Hospital. Mayo Hospital is located in the heart of Old Lahore; and provides free treatment to almost all the admitted patients as part of the government policy.","mayo hospital is one of the oldest and biggest hospitals in lahore, punjab, pakistan.king edward medical university, one of the oldest and most prestigious medical institutions in the south asia, is attached with mayo hospital. mayo hospital is located in the heart of old lahore and provides free treatment to almost all the admitted patients as part of the government policy."
Mayo Hospital,5,"May Hospital Surgical Tower is a state-of-the-art building and facility completed after more than a decade but it is now of the best facilities being provided in Lahore, city of Gardens.
The very plus point of it is that it has been providing each and every faciltiy almost free of cost and it is one of the best.
The only negative thing here is ""Protocol"". Every influential person and the one having relations in staff use unfair means to get their turn much earlier, killing the merit and discouraging those, who come first. Dire need to address this issue.
Rest of the things are excellent.","may hospital surgical tower is a state-of-the-art building and facility completed after more than a decade but it is now of the best facilities being provided in lahore, city of gardens. the very plus point of it is that it has been providing each and every faciltiy almost free of cost and it is one of the best. the only negative thing here is ""protocol"". every influential person and the one having relations in staff use unfair means to get their turn much earlier, killing the merit and discouraging those, who come first. dire need to address this issue. rest of the things are excellent."
Mayo Hospital,5,Now very upto date hospital of lhr.,now very upto date hospital of lhr.
Mayo Hospital,5,Good place for this  public and great mangment of this hospital,good place for this public and great mangment of this hospital
Mayo Hospital,5,Newly built surgical tower with unmatched state of the art facilities available for treatment and care for patients. Clean and tidy environment. There is always a great rush of people because people from different cities and provinces visit here for treatment.,newly built surgical tower with unmatched state of the art facilities available for treatment and care for patients. clean and tidy environment. there is always a great rush of people because people from different cities and provinces visit here for treatment.
Mayo Hospital,4,Surgical tower is great. Like Europe no doubt,surgical tower is great. like europe no doubt
Mayo Hospital,4,I like it ... Gud services,i like it ... gud services
Mayo Hospital,5,A great facility for poor patients..state of art radiology and surgical departments..,a great facility for poor patients..state of art radiology and surgical departments..
Mayo Hospital,5,100 Bedded Burn Unit Is there biggest burn Unit in Mayo Hospital,100 bedded burn unit is there biggest burn unit in mayo hospital
Mayo Hospital,1,Very disrespectful staff at the ward. No customer service at all. Staff thinks they own the hospital and they own everything that is there. Parking staff at the gate making corruption and having us pay more then a day parking after 8pm. We were there for almost 5 days and it was the worst experience ever.,very disrespectful staff at the ward. no customer service at all. staff thinks they own the hospital and they own everything that is there. parking staff at the gate making corruption and having us pay more then a day parking after 8pm. we were there for almost 5 days and it was the worst experience ever.
Mayo Hospital,5,Well managed and well organized govt hospital thanks CM Punjab.,well managed and well organized govt hospital thanks cm punjab.
Mayo Hospital,5,"I visited Surgical Tower Mayo Hospital yesterday. It was a great experience. The whole tower looks like a private hospital. Cleanliness 5/5, wards condition and environment 5/5,  paramedic staff is also very cooperative unlike government hospitals. Single patient on single bed. Ni doubling. One monitor for 2 neighboring patients. Oxygen and suction machine is available with each bed. Each ward has a kitchen with fridge, microwave, nice stove, a kettle, water glasses and cups for patient. Medicine is available in the ward. The only trouble you may face is that you cant wander in corridors without purpose. Only one attendant can stay with patient in visiting hours only. Overall this part of hospital is unmatchable with the rest of the hospital.","i visited surgical tower mayo hospital yesterday. it was a great experience. the whole tower looks like a private hospital. cleanliness 55, wards condition and environment 55, paramedic staff is also very cooperative unlike government hospitals. single patient on single bed. ni doubling. one monitor for 2 neighboring patients. oxygen and suction machine is available with each bed. each ward has a kitchen with fridge, microwave, nice stove, a kettle, water glasses and cups for patient. medicine is available in the ward. the only trouble you may face is that you cant wander in corridors without purpose. only one attendant can stay with patient in visiting hours only. overall this part of hospital is unmatchable with the rest of the hospital."
Mayo Hospital,5,Best medical facilities for outdoor patients...,best medical facilities for outdoor patients...
Mayo Hospital,5,"Though it took so many years to complete but it's good at least it's fully equipped and in operation. In winter, you can meet patient till 5pm. Only one person is allowed to stay with patient in ward and food is served by Gourmet company.","though it took so many years to complete but it's good at least it's fully equipped and in operation. in winter, you can meet patient till 5pm. only one person is allowed to stay with patient in ward and food is served by gourmet company."
Mayo Hospital,2,"Pathetic place with bad cleanliness.
Doctors are cooperative
Paramedical staff is very rude and disloyal
System is not in place.
Patients have to wait for hours for admission.
Infrastructure is very bad.
But one this is for sure that this is only last stop for poor patients. Poor patients gets somehow treatment in this hospital.

A lot needs to be improved.
Parking mafia at gate is exist there. They will try to charge more than written on receipt.",pathetic place with bad cleanliness. doctors are cooperative paramedical staff is very rude and disloyal system is not in place. patients have to wait for hours for admission. infrastructure is very bad. but one this is for sure that this is only last stop for poor patients. poor patients gets somehow treatment in this hospital. a lot needs to be improved. parking mafia at gate is exist there. they will try to charge more than written on receipt.
Mayo Hospital,5,One of the oldest hospital which is attached with King Edward Medical College.,one of the oldest hospital which is attached with king edward medical college.
Mayo Hospital,2,"one of the oldest hospital of pakistan. with medial colleges there, now recently introduced allied and pysiotherapy sciecnes there. the standards of the hospital are improving but still need a lot of improvement there. the problem is parking should be highlighed there along with appointment facilities,...............................","one of the oldest hospital of pakistan. with medial colleges there, now recently introduced allied and pysiotherapy sciecnes there. the standards of the hospital are improving but still need a lot of improvement there. the problem is parking should be highlighed there along with appointment facilities,..............................."
Mayo Hospital,3,An old hospital established in the name of Lord Mayo.,an old hospital established in the name of lord mayo.
Mayo Hospital,3,Some department are Ok. But some departments are very dirty. Staff is not co-operative. typical Govt. Hospital. Shame on Punjab Govt.,some department are ok. but some departments are very dirty. staff is not co-operative. typical govt. hospital. shame on punjab govt.
Mayo Hospital,5,"government is facilitating the sick and injured by providing special facilities through imported machinery and collifed speciallized doctors, Nurses and para medical staff.... my experience was very appreciating","government is facilitating the sick and injured by providing special facilities through imported machinery and collifed speciallized doctors, nurses and para medical staff.... my experience was very appreciating"
Mayo Hospital,5,I am orel securtiy payo hospital lahore.,i am orel securtiy payo hospital lahore.
Mayo Hospital,1,"For a hospital its management, availability of resource for patients and treatment is pathetic.","for a hospital its management, availability of resource for patients and treatment is pathetic."
Mayo Hospital,5,Old is gold Asia's Biggest Hospital,old is gold asia's biggest hospital
Mayo Hospital,5,Very old and significantly important place of Lahore providing state of the art health facilities to the people but is crowded because of the high number of people visit the hospital,very old and significantly important place of lahore providing state of the art health facilities to the people but is crowded because of the high number of people visit the hospital
Mayo Hospital,1,Altogether a big hospital with quite a lot facilities altough all not available all time as most of machines are out of order infection rate very high lack cleanliness medicine not available over all not a good experience but facility can only be availed in necessary evil,altogether a big hospital with quite a lot facilities altough all not available all time as most of machines are out of order infection rate very high lack cleanliness medicine not available over all not a good experience but facility can only be availed in necessary evil
Mayo Hospital,5,"went there for polio vaccine, surprised to see their cooperation. Very glad. Just go to Children Vaccine ward reception opposite to emergency. say I need polio certificate at the reception. you need copy of passport. he will give you drops, fill the form and sign and stamp from DMS (deputy medical supridenden, corner room in the main emergency). whole procedure will take 20 to 30 minutes. best time is 9:30 to 12:30 AM","went there for polio vaccine, surprised to see their cooperation. very glad. just go to children vaccine ward reception opposite to emergency. say i need polio certificate at the reception. you need copy of passport. he will give you drops, fill the form and sign and stamp from dms deputy medical supridenden, corner room in the main emergency. whole procedure will take 20 to 30 minutes. best time is 930 to 1230 am"
Mayo Hospital,4,An oldest and historical hospital ho king adward era . Also a well know hospital now a days in Pakistan . All the specialist doctors and every medical facility with high standard is provided in this Hospital.,an oldest and historical hospital ho king adward era . also a well know hospital now a days in pakistan . all the specialist doctors and every medical facility with high standard is provided in this hospital.
Mayo Hospital,5,It is a great hospital attached to the King Edward Medical University,it is a great hospital attached to the king edward medical university
Mayo Hospital,4,Oldest and the largest hospital in Lahore improving day by day,oldest and the largest hospital in lahore improving day by day
Mayo Hospital,3,It is very crowded hospital but emergency services are good 24 hour available.,it is very crowded hospital but emergency services are good 24 hour available.
Mayo Hospital,5,"Mayo hospital is one of the biggest hospital in lahore,","mayo hospital is one of the biggest hospital in lahore,"
Mayo Hospital,4,Fine hospital in the area nice of heart patients,fine hospital in the area nice of heart patients
Mayo Hospital,5,"Mayo Hospital is one of the oldest and biggest hospitals in Lahore, Punjab, Pakistan. King Edward Medical University is the attached university which is Pakistan's most prestigious and South Asia's second oldest institution.","mayo hospital is one of the oldest and biggest hospitals in lahore, punjab, pakistan. king edward medical university is the attached university which is pakistan's most prestigious and south asia's second oldest institution."
Mayo Hospital,5,"One of the oldest 🏥 in Lahore (the ❤ of Pakistan) caring staff,  nice people working in this hospital, good emergency service. I 👍 this 🏥 due to good services.","one of the oldest in lahore the of pakistan caring staff, nice people working in this hospital, good emergency service. i this due to good services."
Mayo Hospital,5,Biggest hospital in lahore that serves poor people,biggest hospital in lahore that serves poor people
Mayo Hospital,5,A great institute generated many legendary doctors,a great institute generated many legendary doctors
Mayo Hospital,3,Nice according to patient load and available doctors,nice according to patient load and available doctors
Mayo Hospital,3,Satisfactory management and Satisfactory medical services speed,satisfactory management and satisfactory medical services speed
Mayo Hospital,3,"One of the oldest government hospital in Lahore. 24 hour emergency,  outdoor patients are also treated but there are also poor condition of some departments. Large no of patients visited there for treatments, always too much crowd in emergency and outdoor. There is also King Edward medical college.","one of the oldest government hospital in lahore. 24 hour emergency, outdoor patients are also treated but there are also poor condition of some departments. large no of patients visited there for treatments, always too much crowd in emergency and outdoor. there is also king edward medical college."
Mayo Hospital,4,Large covered Area Adjacent to Anarkali,large covered area adjacent to anarkali
Mayo Hospital,4,"One of the old and high factilized hospital in the heart of Punjab, Lahore.
Excellent emergency response.","one of the old and high factilized hospital in the heart of punjab, lahore. excellent emergency response."
Mayo Hospital,3,"Mayo Hospital is one of the oldest and biggest hospitals in Lahore, Punjab, Pakistan. King Edward Medical University is the attached university which is Pakistan's most prestigious and South Asia's second oldest institution.Wikipedia
Founded:1871
Affiliated university:King Edward Medical University
Number of beds:2,000","mayo hospital is one of the oldest and biggest hospitals in lahore, punjab, pakistan. king edward medical university is the attached university which is pakistan's most prestigious and south asia's second oldest institution.wikipedia founded1871 affiliated universityking edward medical university number of beds2,000"
Mayo Hospital,4,The best government hospital. But need to improve,the best government hospital. but need to improve
Mayo Hospital,3,"One of the oldest hospital of Punjab having more than 2,000 beds capacity. The old infrastructure requires to be upgraded.","one of the oldest hospital of punjab having more than 2,000 beds capacity. the old infrastructure requires to be upgraded."
Mayo Hospital,5,My father was completely fine at here.,my father was completely fine at here.
Mayo Hospital,5,Kemcolians school helping the poor n needy,kemcolians school helping the poor n needy
Mayo Hospital,5,This hospital is affordable. Poor people can also get benefit from it,this hospital is affordable. poor people can also get benefit from it
Mayo Hospital,5,"Well done Mayo hospital
The hospital is the only hope for needy and poor people
But most of the advantages are availed by socially active and rich people
The critics are those who do not pay income tax. Can afford private treatment but they snatch the right of poor by using their contacts.they are the ones who criticise
This hospital which is a blessing for the poot",well done mayo hospital the hospital is the only hope for needy and poor people but most of the advantages are availed by socially active and rich people the critics are those who do not pay income tax. can afford private treatment but they snatch the right of poor by using their contacts.they are the ones who criticise this hospital which is a blessing for the poot
Mayo Hospital,5,"MAYO HOSPITAL IS THE OLDEST HOSPITAL OF LAHORE , PAKISTAN .","mayo hospital is the oldest hospital of lahore , pakistan ."
Mayo Hospital,5,one of the best hospital ever. I have experienced here as a clinical psychologist.,one of the best hospital ever. i have experienced here as a clinical psychologist.
Mayo Hospital,3,Antique place but rickety and decrepit. Deprive of many basic facilities and amenities. This hospital needs a redo.,antique place but rickety and decrepit. deprive of many basic facilities and amenities. this hospital needs a redo.
Mayo Hospital,5,"Government Hospital, Good For Some People.... Not For Every One...","government hospital, good for some people.... not for every one..."
Mayo Hospital,4,"Good medical facility, available in this government organized hospital.","good medical facility, available in this government organized hospital."
Mayo Hospital,5,I'm Doctor at Mayo hospital. It has all major and minor departments to deal with any kind of trauma and emergencies.,i'm doctor at mayo hospital. it has all major and minor departments to deal with any kind of trauma and emergencies.
Mayo Hospital,5,Good hospital almost all facilities are available here,good hospital almost all facilities are available here
Mayo Hospital,1,"This hospital KILLED my father-in-law.  He had a stroke and as you know with a stroke you must be treated IMMEDIATELY.  They began running tests at 7:00 a.m.  At 8:30 a.m. they said he could see a doctor at 9:00 a.m.  At 9:00 a.m. he saw the doctor who told him that all the doctors were going on strike that day and he had to go to another hospital.  Getting to the next hospital took another hour.

That hospital was a private hospital treated him appropriately but he couldn't stay there because he didn't have enough money.  So they sent him home and had a doctor come by twice a day to check up on him and administer medications.

On the second day of home care he had another stroke and was taken immediately to Mayo Hospital.  They told him they couldn't do anything to treat him because they had forgotten to bring the papers from the first hospital visit.  Of course they could have called the other hospital to get the information since it was an EMERGENCY.  But noooo, that was asking way too much.

His poor daughter had to rush home, get the papers and come back to the hospital.  This added another hour and a half to the time it took him to get treated.

Once they received the papers they wrote some prescriptions for medications.  His daughter went down to purchase the medicines and when she returned and gave them to the nurse - THEY TOOK TWO MORE HOURS BEFORE THEY ADMINISTERED THE MEDICATIONS!!!

He died several hours later.

Also the doctors were so rude.  If you tried to ask them any questions at all about what they were doing or what their diagnosis was they got so offended and start yelling at you to shut up!  Unbelievable place.","this hospital killed my father-in-law. he had a stroke and as you know with a stroke you must be treated immediately. they began running tests at 700 a.m. at 830 a.m. they said he could see a doctor at 900 a.m. at 900 a.m. he saw the doctor who told him that all the doctors were going on strike that day and he had to go to another hospital. getting to the next hospital took another hour. that hospital was a private hospital treated him appropriately but he couldn't stay there because he didn't have enough money. so they sent him home and had a doctor come by twice a day to check up on him and administer medications. on the second day of home care he had another stroke and was taken immediately to mayo hospital. they told him they couldn't do anything to treat him because they had forgotten to bring the papers from the first hospital visit. of course they could have called the other hospital to get the information since it was an emergency. but noooo, that was asking way too much. his poor daughter had to rush home, get the papers and come back to the hospital. this added another hour and a half to the time it took him to get treated. once they received the papers they wrote some prescriptions for medications. his daughter went down to purchase the medicines and when she returned and gave them to the nurse - they took two more hours before they administered the medications!!! he died several hours later. also the doctors were so rude. if you tried to ask them any questions at all about what they were doing or what their diagnosis was they got so offended and start yelling at you to shut up! unbelievable place."
Mayo Hospital,3,"Mayo hospital is among the oldest hospital in Lahore. the hospital is big and have almost major departments what you wish for a hospital to have.

But the benefit of this thing can not be seen anywhere in the hospital. the staff here is pathetic and immature. Doctors treat people like animals. A famous incident recently of a woman giving birth to a baby at the stairs of the Hospital shows the level of care.",mayo hospital is among the oldest hospital in lahore. the hospital is big and have almost major departments what you wish for a hospital to have. but the benefit of this thing can not be seen anywhere in the hospital. the staff here is pathetic and immature. doctors treat people like animals. a famous incident recently of a woman giving birth to a baby at the stairs of the hospital shows the level of care.
Mayo Hospital,5,One of the best Hospital for poor people you  need only 1 rupees  for the tickets,one of the best hospital for poor people you need only 1 rupees for the tickets
Mayo Hospital,3,Servings human beings with average quality,servings human beings with average quality
Mayo Hospital,5,A bigger and oldest hospital in Lahore,a bigger and oldest hospital in lahore
Mayo Hospital,5,"Nearly died but they helped fix me.

10/10 world fall from roof again.",nearly died but they helped fix me. 1010 world fall from roof again.
Mayo Hospital,5,Largest hospital in Pakistan and one of the only few in the world where all specialities are present.,largest hospital in pakistan and one of the only few in the world where all specialities are present.
